Id,Label,Comunidad,Tweet_original
chileconci3ncia,chileconci3ncia,Es_comunidad,0
cgainza,cgainza,Sigue_comunidad,0
MunozPalma,MunozPalma,Sigue_comunidad,0
tibu774,tibu774,Sigue_comunidad,0
OpenSciTalk,OpenSciTalk,Sin_vinculos,0
marijo_de_arcia,marijo_de_arcia,Sin_vinculos,0
jldiaz_ar,jldiaz_ar,Sigue_comunidad,0
barb_rivera,barb_rivera,Sigue_comunidad,0
Investiga_UCEN,Investiga_UCEN,Sin_vinculos,0
Ucen,Ucen,Sin_vinculos,0
villegas_pao,villegas_pao,Sin_vinculos,0
skjimenez,skjimenez,Sigue_comunidad,0
capaudas2012,capaudas2012,Sin_vinculos,0
alexbaez,alexbaez,Sin_vinculos,0
teoriantropolog,teoriantropolog,Sigue_comunidad,0
AytoMurcia,AytoMurcia,Sin_vinculos,0
MajoPineyrua,MajoPineyrua,Sin_vinculos,0
juand_cortes,juand_cortes,Sin_vinculos,0
AntunRomulo,AntunRomulo,Sin_vinculos,0
luisfer81567047,luisfer81567047,Sin_vinculos,0
MyriamGarn,MyriamGarn,Sin_vinculos,0
1jonatan2,1jonatan2,Sin_vinculos,0
LinaporlaEdU,LinaporlaEdU,Sin_vinculos,0
eskole,eskole,Sin_vinculos,0
lgzuan,lgzuan,Sin_vinculos,0
ONVentura,ONVentura,Sin_vinculos,0
fcaiafa,fcaiafa,Sin_vinculos,0
aiqu_uruguay,aiqu_uruguay,Sin_vinculos,0
Edy_V77,Edy_V77,Sin_vinculos,0
SofiaSycamore,SofiaSycamore,Sin_vinculos,0
DanteAlmeida10,DanteAlmeida10,Sin_vinculos,0
mc_cogal,mc_cogal,Sin_vinculos,0
tereaxe78,tereaxe78,Sin_vinculos,0
AntroSocyJuri,AntroSocyJuri,Sigue_comunidad,0
cesaretamayo,cesaretamayo,Sin_vinculos,0
CarmitaAlvarez1,CarmitaAlvarez1,Sigue_comunidad,0
pentytef,pentytef,Sin_vinculos,0
ladriyoo,ladriyoo,Sin_vinculos,0
barbablanc4,barbablanc4,Sigue_comunidad,0
g_bernall,g_bernall,Sin_vinculos,0
upbcolombia,upbcolombia,Sin_vinculos,0
Facdeh_UCEN,Facdeh_UCEN,Sin_vinculos,0
slondonouribe,slondonouribe,Sin_vinculos,0
dreamgirl_3vil,dreamgirl_3vil,Sigue_comunidad,0
TurturroLucas,TurturroLucas,Sin_vinculos,0
janema_7,janema_7,Sin_vinculos,0
Fegoc_UCEN,Fegoc_UCEN,Sin_vinculos,0
jrtuits,jrtuits,Sin_vinculos,0
MSilvaMoyano,MSilvaMoyano,Sin_vinculos,0
Jaimeveme,Jaimeveme,Sin_vinculos,0
EAFIT,EAFIT,Sigue_comunidad,0
damiantears,damiantears,Sin_vinculos,0
soledad_qv,soledad_qv,Sigue_comunidad,0
andidelfuturo,andidelfuturo,Sin_vinculos,0
OEIChile,OEIChile,Sin_vinculos,0
LuisErnestoPaz6,LuisErnestoPaz6,Sigue_comunidad,0
PortugalOei,PortugalOei,Sin_vinculos,0
iremi_harumi,iremi_harumi,Sin_vinculos,0
MutioJorge,MutioJorge,Sin_vinculos,0
nachovi61,nachovi61,Sin_vinculos,0
OEIEcuador,OEIEcuador,Sigue_comunidad,1
Ricyt_Indicador,Ricyt_Indicador,Sin_vinculos,0
CamiloJCO,CamiloJCO,Sin_vinculos,0
ObservatorioCTS,ObservatorioCTS,Sin_vinculos,0
IndicesRed,IndicesRed,Sin_vinculos,0
sorais,sorais,Sigue_comunidad,0
carloscarballar,carloscarballar,Sin_vinculos,0
catalinamorfin,catalinamorfin,Sin_vinculos,0
dgonzalezhdz,dgonzalezhdz,Sin_vinculos,0
dorisfm,dorisfm,Sin_vinculos,0
albayardo,albayardo,Sin_vinculos,0
Fsierra5Fsierra,Fsierra5Fsierra,Sin_vinculos,0
Pol_y_Analitica,Pol_y_Analitica,Sin_vinculos,0
maraicolmenares,maraicolmenares,Sin_vinculos,0
LauraAlmada,LauraAlmada,Sin_vinculos,0
PosgradosITESO,PosgradosITESO,Sin_vinculos,0
ObsLegislativo,ObsLegislativo,Sin_vinculos,0
ricosushi,ricosushi,Sin_vinculos,0
ivangvega,ivangvega,Sin_vinculos,0
BernardoMasini,BernardoMasini,Sin_vinculos,0
CENDES_UCV,CENDES_UCV,Sin_vinculos,0
chillynieva,chillynieva,Sin_vinculos,0
rggja,rggja,Sin_vinculos,0
FZolessi,FZolessi,Sin_vinculos,0
MauroSaezT,MauroSaezT,Sin_vinculos,0
Dolucy,Dolucy,Sin_vinculos,0
matg20,matg20,Sin_vinculos,0
metodogolo,metodogolo,Sin_vinculos,1
CarlosRuz_F,CarlosRuz_F,Sigue_comunidad,0
exploravalpo,exploravalpo,Sin_vinculos,1
mairaga43610691,mairaga43610691,Sin_vinculos,0
verogomezvelez,verogomezvelez,Sin_vinculos,0
LuisaEl73710047,LuisaEl73710047,Sin_vinculos,0
infolar11,infolar11,Sin_vinculos,0
Innova_UV,Innova_UV,Sin_vinculos,0
InvestigandoUV,InvestigandoUV,Sin_vinculos,0
hada76,hada76,Sin_vinculos,0
directorivic,directorivic,Sin_vinculos,0
loisinneth96,loisinneth96,Sin_vinculos,0
DeisyPe67271973,DeisyPe67271973,Sin_vinculos,0
uris84,uris84,Sin_vinculos,0
salvarado284,salvarado284,Sin_vinculos,0
danavido,danavido,Sin_vinculos,0
vargasformacion,vargasformacion,Sin_vinculos,0
FundaciteGuaric,FundaciteGuaric,Sin_vinculos,1
corpoandes2022,corpoandes2022,Sin_vinculos,0
ComunicaTacInfo,ComunicaTacInfo,Sin_vinculos,0
mi74218824,mi74218824,Sin_vinculos,0
gjgonzalez7,gjgonzalez7,Sin_vinculos,0
YenniKaro1,YenniKaro1,Sin_vinculos,0
muhtar_wicem,muhtar_wicem,Sin_vinculos,0
celina_sulbaran,celina_sulbaran,Sin_vinculos,0
Yar01C,Yar01C,Sin_vinculos,1
miljimenez05,miljimenez05,Sin_vinculos,0
FIIIDT_OFICIAL,FIIIDT_OFICIAL,Sigue_comunidad,0
MislenysFuenma1,MislenysFuenma1,Sin_vinculos,0
auxiliadoraurq2,auxiliadoraurq2,Sin_vinculos,0
Dilia1972,Dilia1972,Sin_vinculos,0
infliberamerica,infliberamerica,Sin_vinculos,0
yamilis221,yamilis221,Sin_vinculos,0
gianinol,gianinol,Sin_vinculos,0
edguita12345,edguita12345,Sin_vinculos,0
39Virmary39,39Virmary39,Sin_vinculos,0
SocialesUV,SocialesUV,Sin_vinculos,0
AlidaCorzo,AlidaCorzo,Sin_vinculos,0
FundaciteLARA,FundaciteLARA,Sin_vinculos,0
jjmadridh,jjmadridh,Sin_vinculos,0
carlot_la,carlot_la,Sin_vinculos,0
SocializaCIDA,SocializaCIDA,Sin_vinculos,0
OpenScienceFAIR,OpenScienceFAIR,Sin_vinculos,0
PelaezRolando1,PelaezRolando1,Sin_vinculos,0
samuels95392574,samuels95392574,Sin_vinculos,0
HpsuvCarlos,HpsuvCarlos,Sin_vinculos,0
CedenoYusmira,CedenoYusmira,Sin_vinculos,0
jgarridoFfm,jgarridoFfm,Sin_vinculos,0
LaRosaInfoven,LaRosaInfoven,Sin_vinculos,0
leonpsuv1,leonpsuv1,Sin_vinculos,0
ThaChacoa,ThaChacoa,Sin_vinculos,0
surcomuna,surcomuna,Sin_vinculos,0
infomovil19,infomovil19,Sin_vinculos,0
torres_jahana,torres_jahana,Sin_vinculos,0
olgapereiraj,olgapereiraj,Sin_vinculos,0
ipostelcapital,ipostelcapital,Sin_vinculos,0
derlytalopez,derlytalopez,Sin_vinculos,0
Guricoinfocent1,Guricoinfocent1,Sin_vinculos,0
InPortuguesa,InPortuguesa,Sin_vinculos,0
comunicacojedes,comunicacojedes,Sin_vinculos,0
diazmontes18,diazmontes18,Sin_vinculos,0
FundacitezuliaO,FundacitezuliaO,Sin_vinculos,0
BcCojedes,BcCojedes,Sin_vinculos,0
RosirisD,RosirisD,Sin_vinculos,0
parranestor,parranestor,Sin_vinculos,0
LOISCM3,LOISCM3,Sin_vinculos,0
Yeseg7,Yeseg7,Sin_vinculos,0
MaraRoj18,MaraRoj18,Sin_vinculos,0
centro_cida,centro_cida,Sigue_comunidad,0
levigalindo,levigalindo,Sin_vinculos,0
fxgv5,fxgv5,Sin_vinculos,0
carlosp403,carlosp403,Sin_vinculos,0
fundacitemerida,fundacitemerida,Sin_vinculos,0
edisbel04,edisbel04,Sin_vinculos,0
radio_festival,radio_festival,Sin_vinculos,0
Matsu_mabel,Matsu_mabel,Sin_vinculos,0
IFA_UV,IFA_UV,Sin_vinculos,0
Mabel_Keller,Mabel_Keller,Sin_vinculos,1
belkis25450547,belkis25450547,Sin_vinculos,0
MinCyTBolivar,MinCyTBolivar,Sin_vinculos,0
jimdelarosa,jimdelarosa,Sigue_comunidad,0
Jadillemussa,Jadillemussa,Sin_vinculos,0
rvletelier,rvletelier,Sin_vinculos,0
florisaut,florisaut,Sin_vinculos,0
raulim50,raulim50,Sin_vinculos,0
ConatiOficial,ConatiOficial,Sigue_comunidad,0
cientificaMujer,cientificaMujer,Sin_vinculos,0
JFcoFuentealba,JFcoFuentealba,Sin_vinculos,0
soylacarlii,soylacarlii,Sigue_comunidad,0
EnderPerdomo4,EnderPerdomo4,Sin_vinculos,0
salaprensaCantv,salaprensaCantv,Sin_vinculos,0
fundacitetru,fundacitetru,Sin_vinculos,0
dulcey_lilibet,dulcey_lilibet,Sin_vinculos,0
WilsonJose2212,WilsonJose2212,Sin_vinculos,0
Mincyt_VE,Mincyt_VE,Sin_vinculos,0
L3n5s,L3n5s,Sin_vinculos,0
rcamachotoro,rcamachotoro,Sigue_comunidad,0
laurockdriguez,laurockdriguez,Sigue_comunidad,0
evamen,evamen,Sigue_comunidad,0
PujadasJoana,PujadasJoana,Sin_vinculos,0
nao_xiomara,nao_xiomara,Sin_vinculos,0
Ipostelcentll,Ipostelcentll,Sin_vinculos,0
MirianFebres,MirianFebres,Sin_vinculos,0
jeanmar51181788,jeanmar51181788,Sin_vinculos,0
abgypm,abgypm,Sin_vinculos,0
ipostel_ve,ipostel_ve,Sin_vinculos,0
CNTI_VE,CNTI_VE,Sigue_comunidad,0
migsolorzano,migsolorzano,Sin_vinculos,0
MarcanoSiempre,MarcanoSiempre,Sin_vinculos,0
_lacion_,_lacion_,Sigue_comunidad,0
openscience,openscience,Sigue_comunidad,0
UNESCOmvdo,UNESCOmvdo,Sin_vinculos,0
Leteosplace,Leteosplace,Sin_vinculos,0
secrtariaclebg,secrtariaclebg,Sin_vinculos,0
ReyBorrero,ReyBorrero,Sin_vinculos,0
leocova33,leocova33,Sin_vinculos,0
AlemanyCecilia,AlemanyCecilia,Sigue_comunidad,0
ingcarolinf,ingcarolinf,Sin_vinculos,0
JCCERUTTI,JCCERUTTI,Sin_vinculos,0
beatrizcenturin,beatrizcenturin,Sin_vinculos,1
sebatambusso,sebatambusso,Sin_vinculos,0
aceiteaxilar,aceiteaxilar,Sin_vinculos,0
MarianaDGiacomo,MarianaDGiacomo,Sin_vinculos,0
AngelDuarteVen,AngelDuarteVen,Sin_vinculos,0
ConVmro,ConVmro,Sin_vinculos,0
wilfrana,wilfrana,Sin_vinculos,0
amarilis982,amarilis982,Sin_vinculos,0
vero_vm,vero_vm,Sin_vinculos,0
alexmtz_mb,alexmtz_mb,Sin_vinculos,0
SMMEAC,SMMEAC,Sin_vinculos,0
ChatoGorordo,ChatoGorordo,Sin_vinculos,0
AbesoainS,AbesoainS,Sin_vinculos,0
BlancaVelasco77,BlancaVelasco77,Sin_vinculos,0
Bibliotecas_UC,Bibliotecas_UC,Sin_vinculos,0
EspinosaCristia,EspinosaCristia,Sin_vinculos,0
uta_otl,uta_otl,Sin_vinculos,1
kiarabetsy,kiarabetsy,Sin_vinculos,0
cundurraga,cundurraga,Sin_vinculos,0
invipesca,invipesca,Sin_vinculos,0
SeremiCienciaCS,SeremiCienciaCS,Sin_vinculos,0
InES_GeneroUV,InES_GeneroUV,Sin_vinculos,0
twittcafechile,twittcafechile,Sin_vinculos,0
aniks86,aniks86,Sigue_comunidad,0
dridelatorre,dridelatorre,Sin_vinculos,0
AlainChapleGil,AlainChapleGil,Sin_vinculos,0
msanhuezacelsi,msanhuezacelsi,Sin_vinculos,0
anto_toninayc,anto_toninayc,Sin_vinculos,0
GonzaloLagosMar,GonzaloLagosMar,Sin_vinculos,0
15nahuel,15nahuel,Sin_vinculos,0
carlaguzmana,carlaguzmana,Sin_vinculos,0
min_ciencia,min_ciencia,Sin_vinculos,0
turingway,turingway,Sigue_comunidad,0
SciELO_Chile,SciELO_Chile,Sin_vinculos,0
toninifer,toninifer,Sigue_comunidad,0
leboixta,leboixta,Sin_vinculos,0
vinadenuncia,vinadenuncia,Sin_vinculos,0
rebiun,rebiun,Sin_vinculos,0
jacintodavila,jacintodavila,Sin_vinculos,0
OlidenPerez,OlidenPerez,Sin_vinculos,0
mezquitic3000,mezquitic3000,Sigue_comunidad,0
gsantoshe,gsantoshe,Sigue_comunidad,0
cristina_azorin,cristina_azorin,Sin_vinculos,0
JordiPrats,JordiPrats,Sin_vinculos,0
ILIA_CSIC,ILIA_CSIC,Sin_vinculos,0
CSIC_VAACT,CSIC_VAACT,Sin_vinculos,0
KnowmadInstitut,KnowmadInstitut,Sin_vinculos,1
srta_replica,srta_replica,Sin_vinculos,0
LabmedLtda,LabmedLtda,Sin_vinculos,0
asomunisvalpo,asomunisvalpo,Sin_vinculos,0
BARRATA,BARRATA,Sin_vinculos,0
explora_cl,explora_cl,Sin_vinculos,0
DieJGuz,DieJGuz,Sin_vinculos,0
consorciocincel,consorciocincel,Sigue_comunidad,0
CentrosAnid,CentrosAnid,Sigue_comunidad,0
UsachIngenieria,UsachIngenieria,Sin_vinculos,0
DavidLantaron,DavidLantaron,Sin_vinculos,0
AdolfoCoboUC,AdolfoCoboUC,Sin_vinculos,0
DaniellaAGM,DaniellaAGM,Sin_vinculos,0
Noelia_Burgardt,Noelia_Burgardt,Sigue_comunidad,0
NaabTeresa,NaabTeresa,Sin_vinculos,0
unican,unican,Sin_vinculos,0
julia_kling,julia_kling,Sin_vinculos,0
florian_toepfl,florian_toepfl,Sin_vinculos,0
EdQuintana,EdQuintana,Sin_vinculos,0
MarinaRG_CSIC,MarinaRG_CSIC,Sin_vinculos,0
ENJOIproject,ENJOIproject,Sin_vinculos,0
ducuchu,ducuchu,Sigue_comunidad,0
xmnlab,xmnlab,Sigue_comunidad,0
Ernesto2030,Ernesto2030,Sin_vinculos,0
Fedit,Fedit,Sin_vinculos,0
cbd_industries,cbd_industries,Sin_vinculos,0
Facsalud_UCEN,Facsalud_UCEN,Sin_vinculos,0
UAFGI,UAFGI,Sin_vinculos,0
DonPorrero,DonPorrero,Sin_vinculos,0
rockernaldo2,rockernaldo2,Sin_vinculos,0
SeismoLalit,SeismoLalit,Sin_vinculos,0
gshelor,gshelor,Sin_vinculos,0
SARevangelist,SARevangelist,Sin_vinculos,0
ANID_Abierta,ANID_Abierta,Sigue_comunidad,1
SistersofSAR,SistersofSAR,Sin_vinculos,0
aJollyAdventure,aJollyAdventure,Sin_vinculos,0
eunicer_,eunicer_,Sigue_comunidad,0
mapologo,mapologo,Sin_vinculos,0
EmilioOnate,EmilioOnate,Sin_vinculos,0
poetarojo,poetarojo,Sin_vinculos,0
MCayulef,MCayulef,Sigue_comunidad,0
DnFredesG,DnFredesG,Sin_vinculos,0
CristbalOliva12,CristbalOliva12,Sigue_comunidad,1
AlejandAyusoDi,AlejandAyusoDi,Sin_vinculos,0
sumaro76,sumaro76,Sin_vinculos,0
gazt_harkaitz_z,gazt_harkaitz_z,Sin_vinculos,0
PatriciaMelgar,PatriciaMelgar,Sin_vinculos,0
GuiomarMerodioA,GuiomarMerodioA,Sin_vinculos,0
ElenaRocioSL,ElenaRocioSL,Sin_vinculos,0
Masoneria357,Masoneria357,Sin_vinculos,0
CampusMDelibes,CampusMDelibes,Sin_vinculos,0
revistaBiD,revistaBiD,Sin_vinculos,0
DJGG2019,DJGG2019,Sin_vinculos,0
EFRJK,EFRJK,Sin_vinculos,0
JFFMen,JFFMen,Sin_vinculos,0
matiasbaldanza,matiasbaldanza,Sin_vinculos,0
snatch824,snatch824,Sin_vinculos,0
YoQuinteroO,YoQuinteroO,Sin_vinculos,0
libeluladoradas,libeluladoradas,Sin_vinculos,0
duvicrack,duvicrack,Sigue_comunidad,0
martatorredev,martatorredev,Sin_vinculos,0
Camilorzh,Camilorzh,Sin_vinculos,0
nelsoncode_dev,nelsoncode_dev,Sin_vinculos,0
PACCO_23,PACCO_23,Sin_vinculos,0
miltonn1salas,miltonn1salas,Sin_vinculos,0
Freckedecke,Freckedecke,Sin_vinculos,0
ManoloSanchezA,ManoloSanchezA,Sin_vinculos,0
WutForscher,WutForscher,Sin_vinculos,0
ptu_us_es,ptu_us_es,Sin_vinculos,0
pheralb_,pheralb_,Sin_vinculos,0
juliancamposes,juliancamposes,Sin_vinculos,0
AvanTepec,AvanTepec,Sin_vinculos,0
elenalabrado,elenalabrado,Sin_vinculos,0
boriszaurio,boriszaurio,Sin_vinculos,0
JohnJonny1,JohnJonny1,Sin_vinculos,0
carlitoswayec,carlitoswayec,Sin_vinculos,0
jfcarpio,jfcarpio,Sin_vinculos,1
victor_ruiz,victor_ruiz,Sin_vinculos,0
mdserrat,mdserrat,Sin_vinculos,0
jocve,jocve,Sin_vinculos,0
margaramarie,margaramarie,Sigue_comunidad,0
JezerFerreira,JezerFerreira,Sin_vinculos,0
thesecretouniv1,thesecretouniv1,Sin_vinculos,0
AbelTLKSCrew,AbelTLKSCrew,Sin_vinculos,0
Hipseo1,Hipseo1,Sin_vinculos,0
JackieAR9,JackieAR9,Sin_vinculos,0
OraBita,OraBita,Sin_vinculos,0
_austral_,_austral_,Sin_vinculos,0
BihiMiciMidi,BihiMiciMidi,Sin_vinculos,0
raquelh109,raquelh109,Sin_vinculos,0
phluisma,phluisma,Sin_vinculos,0
mauropm,mauropm,Sin_vinculos,0
juliancrvera,juliancrvera,Sin_vinculos,0
mariacappaf,mariacappaf,Sin_vinculos,1
Pitucaleya11,Pitucaleya11,Sin_vinculos,0
penpotapp,penpotapp,Sin_vinculos,0
Steven1909,Steven1909,Sin_vinculos,0
ARTEKLAB,ARTEKLAB,Sin_vinculos,0
CarlosTheSailor,CarlosTheSailor,Sin_vinculos,0
ks7000,ks7000,Sin_vinculos,1
fcbjavier12,fcbjavier12,Sin_vinculos,0
ZimriRosas,ZimriRosas,Sin_vinculos,0
Marron121,Marron121,Sin_vinculos,0
SiestitaLover,SiestitaLover,Sin_vinculos,0
curlysier,curlysier,Sin_vinculos,0
ThatOneDumbFren,ThatOneDumbFren,Sin_vinculos,0
KBrown,KBrown,Sin_vinculos,0
_pepedel,_pepedel,Sin_vinculos,0
strabaldo,strabaldo,Sin_vinculos,0
JuanjoIngenio,JuanjoIngenio,Sin_vinculos,0
JonnyJi50127056,JonnyJi50127056,Sin_vinculos,0
GukZ140,GukZ140,Sin_vinculos,0
Somklorios,Somklorios,Sin_vinculos,0
rc_julin_lens,rc_julin_lens,Sin_vinculos,0
Misaelkz,Misaelkz,Sin_vinculos,0
sumbunnysumhare,sumbunnysumhare,Sin_vinculos,0
andreweb3_eth,andreweb3_eth,Sin_vinculos,0
marck_fire19,marck_fire19,Sin_vinculos,0
azorcode,azorcode,Sin_vinculos,0
negrunch,negrunch,Sin_vinculos,0
PepeHatesNFTS,PepeHatesNFTS,Sin_vinculos,0
Jasonconjota,Jasonconjota,Sin_vinculos,0
cardugarte,cardugarte,Sin_vinculos,0
UNAMerida,UNAMerida,Sin_vinculos,0
carlitoscapote,carlitoscapote,Sin_vinculos,0
NoLegalTech,NoLegalTech,Sin_vinculos,0
emiliojpg,emiliojpg,Sin_vinculos,0
eLeGepuntoGeTe,eLeGepuntoGeTe,Sin_vinculos,0
luisromero226,luisromero226,Sin_vinculos,0
emerling,emerling,Sin_vinculos,0
Fvs210190,Fvs210190,Sin_vinculos,0
Master_Kehos,Master_Kehos,Sin_vinculos,0
pepeleduin,pepeleduin,Sigue_comunidad,0
eliesongo,eliesongo,Sin_vinculos,0
v4li3nte,v4li3nte,Sigue_comunidad,0
richie_anaya,richie_anaya,Sin_vinculos,0
CanaimaGNULinux,CanaimaGNULinux,Sigue_comunidad,1
edulego,edulego,Sin_vinculos,0
mundolinuxbot,mundolinuxbot,Sin_vinculos,0
Maikiki_Oficial,Maikiki_Oficial,Sin_vinculos,0
pyecuador,pyecuador,Es_comunidad,0
loxalibre,loxalibre,Es_comunidad,0
realrubberduck1,realrubberduck1,Sin_vinculos,0
ccamachog,ccamachog,Sin_vinculos,0
CyberDFIR,CyberDFIR,Sin_vinculos,0
fred_pena,fred_pena,Sin_vinculos,0
israel_cardenas,israel_cardenas,Sin_vinculos,0
jamdiazdiaz,jamdiazdiaz,Sin_vinculos,0
jconfdominicana,jconfdominicana,Sin_vinculos,0
yepappsys,yepappsys,Sin_vinculos,0
es_molano,es_molano,Sin_vinculos,0
FrankSanabria,FrankSanabria,Sin_vinculos,0
casm37,casm37,Sigue_comunidad,0
NortheasternAI,NortheasternAI,Sin_vinculos,0
PythonBot_By_PM,PythonBot_By_PM,Sin_vinculos,0
McdUnison,McdUnison,Sin_vinculos,0
Melanio4,Melanio4,Sin_vinculos,0
lumusika,lumusika,Sin_vinculos,0
valentinvi,valentinvi,Sin_vinculos,0
ferflo92,ferflo92,Sin_vinculos,0
babuOO3,babuOO3,Sin_vinculos,1
PythonRoboto,PythonRoboto,Sin_vinculos,0
patowc,patowc,Sin_vinculos,0
Glorialderete,Glorialderete,Sin_vinculos,0
arturitex,arturitex,Sin_vinculos,0
Albylafu,Albylafu,Sin_vinculos,0
piaseca,piaseca,Sin_vinculos,0
oscargjg,oscargjg,Sin_vinculos,0
NogueraAmilcar,NogueraAmilcar,Sin_vinculos,0
deponce5,deponce5,Sin_vinculos,0
danreyesl,danreyesl,Sin_vinculos,0
hematologo,hematologo,Sin_vinculos,0
AAVahos,AAVahos,Sin_vinculos,0
carminaovargas,carminaovargas,Sin_vinculos,0
MauraNaslyMosq,MauraNaslyMosq,Sin_vinculos,0
MajaVelez,MajaVelez,Sin_vinculos,0
CesedUniandes,CesedUniandes,Sin_vinculos,0
nachol15,nachol15,Sin_vinculos,0
GyPP_CIDE,GyPP_CIDE,Sin_vinculos,0
CarlosLopezosa,CarlosLopezosa,Sin_vinculos,0
boleteador,boleteador,Sin_vinculos,0
fmorellogarcia,fmorellogarcia,Sigue_comunidad,0
mikaela_paola,mikaela_paola,Sin_vinculos,0
saksenaea,saksenaea,Sin_vinculos,0
CucaLoste,CucaLoste,Sin_vinculos,0
SReferencia_UBA,SReferencia_UBA,Sin_vinculos,0
japicomon,japicomon,Sin_vinculos,0
JoseLT14,JoseLT14,Sin_vinculos,0
lucasbarme,lucasbarme,Sin_vinculos,0
JCRedondoG,JCRedondoG,Sin_vinculos,0
NuriaAndrs1,NuriaAndrs1,Sin_vinculos,0
Ignacio_Jacob,Ignacio_Jacob,Sin_vinculos,0
Jesal191,Jesal191,Sin_vinculos,0
zenzizenzike,zenzizenzike,Sin_vinculos,0
AlexisT21990486,AlexisT21990486,Sin_vinculos,0
RealCirugia,RealCirugia,Sin_vinculos,0
cesarcardenasj,cesarcardenasj,Sin_vinculos,0
Genio20cardio,Genio20cardio,Sin_vinculos,0
Ferguisil,Ferguisil,Sin_vinculos,0
amandaaescala,amandaaescala,Sin_vinculos,0
MediciGuillermo,MediciGuillermo,Sin_vinculos,0
scielomexico,scielomexico,Sigue_comunidad,0
PintoPyro,PintoPyro,Sin_vinculos,0
CarmelaC7842,CarmelaC7842,Sin_vinculos,0
CSiligine,CSiligine,Sin_vinculos,0
Anfet,Anfet,Sin_vinculos,0
__flawless2828,__flawless2828,Sin_vinculos,0
Brayan_Huayra,Brayan_Huayra,Sin_vinculos,0
francbarragan,francbarragan,Sin_vinculos,0
jcobaya69,jcobaya69,Sin_vinculos,0
rc_merche,rc_merche,Sin_vinculos,0
onofre_casas,onofre_casas,Sin_vinculos,0
Aristizabaluis,Aristizabaluis,Sin_vinculos,0
FCEIUchile,FCEIUchile,Sin_vinculos,0
nephlyn,nephlyn,Sigue_comunidad,0
revistasuchile,revistasuchile,Sin_vinculos,0
sisibuchile,sisibuchile,Sigue_comunidad,0
lmfloresc,lmfloresc,Sin_vinculos,0
bibliotequesudl,bibliotequesudl,Sin_vinculos,0
paulularia,paulularia,Sin_vinculos,0
emperatriz1962,emperatriz1962,Sin_vinculos,0
Twitherer2Mo,Twitherer2Mo,Sin_vinculos,0
JaviMoscarella,JaviMoscarella,Sin_vinculos,0
nelsonlo8,nelsonlo8,Sin_vinculos,0
pablopether,pablopether,Sin_vinculos,0
Cedillo10,Cedillo10,Sin_vinculos,0
gersonlt125,gersonlt125,Sin_vinculos,0
Antoniogomo,Antoniogomo,Sin_vinculos,0
ObaOs2,ObaOs2,Sin_vinculos,0
RmJohnatan,RmJohnatan,Sin_vinculos,0
teresaaatf,teresaaatf,Sin_vinculos,0
cramirezflorez,cramirezflorez,Sin_vinculos,0
francis50622725,francis50622725,Sin_vinculos,0
QuintanaArahon,QuintanaArahon,Sin_vinculos,0
MaFeEsPaz,MaFeEsPaz,Sin_vinculos,0
ElisbanDante,ElisbanDante,Sin_vinculos,0
Abrazo_31,Abrazo_31,Sin_vinculos,0
Pensante666,Pensante666,Sin_vinculos,0
xene1ze10,xene1ze10,Sin_vinculos,0
jpcasalda,jpcasalda,Sin_vinculos,0
avecesprosa,avecesprosa,Sin_vinculos,0
ElGaviero12,ElGaviero12,Sin_vinculos,0
deut_med,deut_med,Sin_vinculos,0
carriazojr,carriazojr,Sin_vinculos,0
geercee,geercee,Sin_vinculos,0
MJGarciaFolgado,MJGarciaFolgado,Sin_vinculos,0
books_and_birds,books_and_birds,Sin_vinculos,0
christian_hos,christian_hos,Sin_vinculos,0
Kobe_Liberal,Kobe_Liberal,Sin_vinculos,0
Sobreperdonar,Sobreperdonar,Sin_vinculos,0
cesarperezmor,cesarperezmor,Sin_vinculos,0
corderodaniel7,corderodaniel7,Sin_vinculos,0
eduzzcom,eduzzcom,Sin_vinculos,0
marpinto__,marpinto__,Sin_vinculos,0
CrsCervantes,CrsCervantes,Sin_vinculos,0
lizbethcita,lizbethcita,Sin_vinculos,0
arturjoyeux,arturjoyeux,Sin_vinculos,0
abustam43542280,abustam43542280,Sin_vinculos,0
omarojash,omarojash,Sin_vinculos,0
urielalta,urielalta,Sin_vinculos,0
EddyRam78919189,EddyRam78919189,Sigue_comunidad,0
Alelozanov,Alelozanov,Sin_vinculos,0
david_choin,david_choin,Sin_vinculos,0
alainelguajiro,alainelguajiro,Sin_vinculos,0
BaMv372,BaMv372,Sin_vinculos,0
boomer171017,boomer171017,Sin_vinculos,0
Claudia_29c,Claudia_29c,Sin_vinculos,0
Luzdelerrante,Luzdelerrante,Sin_vinculos,0
LuisArbaiza7,LuisArbaiza7,Sin_vinculos,0
pame_andres,pame_andres,Sigue_comunidad,0
maqroll30,maqroll30,Sin_vinculos,0
EmilioRenziP,EmilioRenziP,Sin_vinculos,0
toroalvarol,toroalvarol,Sin_vinculos,0
arenovski2,arenovski2,Sin_vinculos,0
Joselopez0784,Joselopez0784,Sin_vinculos,0
jaimalida,jaimalida,Sin_vinculos,0
joefaboar,joefaboar,Sin_vinculos,0
Urpi72,Urpi72,Sin_vinculos,0
Leertllevalejos,Leertllevalejos,Sin_vinculos,0
jfmusino,jfmusino,Sin_vinculos,0
Cvelasquez29,Cvelasquez29,Sin_vinculos,0
euzaguirre,euzaguirre,Sin_vinculos,0
UsugaRios,UsugaRios,Sin_vinculos,0
queencapibara,queencapibara,Sin_vinculos,0
JRuben29,JRuben29,Sin_vinculos,0
ShakilaGuido,ShakilaGuido,Sin_vinculos,0
draestrella,draestrella,Sin_vinculos,0
mau790xD,mau790xD,Sin_vinculos,0
halohe10,halohe10,Sin_vinculos,0
kvivianb,kvivianb,Sin_vinculos,0
TaniLop05,TaniLop05,Sin_vinculos,0
ScimagoIR,ScimagoIR,Sin_vinculos,1
le_rober,le_rober,Sin_vinculos,0
v_rangel1982,v_rangel1982,Sin_vinculos,0
chiwiperreo_14,chiwiperreo_14,Sin_vinculos,0
elmemorioso06,elmemorioso06,Sin_vinculos,0
Mayo_rista,Mayo_rista,Sin_vinculos,0
aldo_pg88,aldo_pg88,Sin_vinculos,0
juanftp100,juanftp100,Sin_vinculos,0
Edmundo1455,Edmundo1455,Sin_vinculos,0
nokthambulo,nokthambulo,Sin_vinculos,0
ljmg0,ljmg0,Sin_vinculos,0
enriquefballona,enriquefballona,Sin_vinculos,0
Xr155Chris,Xr155Chris,Sin_vinculos,0
ArescNettlau,ArescNettlau,Sin_vinculos,0
cruzpalcielo,cruzpalcielo,Sin_vinculos,0
roferes,roferes,Sin_vinculos,0
RibeiroGP1,RibeiroGP1,Sin_vinculos,0
jlmgarvayo,jlmgarvayo,Sin_vinculos,0
arqecal1970,arqecal1970,Sin_vinculos,0
micaela1821,micaela1821,Sin_vinculos,0
EditComillas,EditComillas,Sin_vinculos,0
ComillasRefugio,ComillasRefugio,Sin_vinculos,0
Comillas_iuem,Comillas_iuem,Sin_vinculos,0
Somosfullconto1,Somosfullconto1,Sin_vinculos,0
juancali181063,juancali181063,Sin_vinculos,0
DianeTudor,DianeTudor,Sin_vinculos,0
ricardojcht,ricardojcht,Sin_vinculos,0
librosraesccs,librosraesccs,Sin_vinculos,0
SoyAlejandroAl,SoyAlejandroAl,Sin_vinculos,0
AntonioLasa,AntonioLasa,Sin_vinculos,0
efrenpina,efrenpina,Sin_vinculos,0
Muerdequedito,Muerdequedito,Sin_vinculos,0
zerojuls,zerojuls,Sigue_comunidad,0
LOOALEX,LOOALEX,Sin_vinculos,0
alejand79584809,alejand79584809,Sin_vinculos,0
BogartGustavo,BogartGustavo,Sin_vinculos,0
aruestao,aruestao,Sin_vinculos,0
CAZADORDELEYES,CAZADORDELEYES,Sin_vinculos,0
utriaguzman,utriaguzman,Sin_vinculos,0
gustavoluivilca,gustavoluivilca,Sin_vinculos,0
JeanLeninVsC,JeanLeninVsC,Sin_vinculos,0
OM_RCastro,OM_RCastro,Sin_vinculos,0
wjcarque,wjcarque,Sin_vinculos,0
volvito12,volvito12,Sin_vinculos,0
dani_579,dani_579,Sin_vinculos,0
AlbertoEsVa,AlbertoEsVa,Sin_vinculos,0
PabloMcFly,PabloMcFly,Sin_vinculos,0
Abdieler,Abdieler,Sin_vinculos,0
MediacionesMX,MediacionesMX,Sin_vinculos,0
FundacionGifet,FundacionGifet,Sin_vinculos,0
Anaki40,Anaki40,Sin_vinculos,0
CdchtaUla,CdchtaUla,Sin_vinculos,0
Argensola,Argensola,Sin_vinculos,0
laesel,laesel,Sin_vinculos,0
YaNiPaper,YaNiPaper,Sin_vinculos,0
catedra_MIFID,catedra_MIFID,Sin_vinculos,0
CitizenDin,CitizenDin,Sin_vinculos,0
Ronaldgeografo,Ronaldgeografo,Sin_vinculos,0
franzhf,franzhf,Sin_vinculos,0
AcostacKelly,AcostacKelly,Sin_vinculos,0
Alandalusi7,Alandalusi7,Sin_vinculos,0
leliflorez,leliflorez,Sin_vinculos,0
giacoia_marcelo,giacoia_marcelo,Sin_vinculos,0
marioabrahamb,marioabrahamb,Sin_vinculos,0
batrakios,batrakios,Sin_vinculos,0
jorge_suarezm,jorge_suarezm,Sin_vinculos,0
PabloJons,PabloJons,Sin_vinculos,0
yoanmolinero,yoanmolinero,Sin_vinculos,0
martatejedor4,martatejedor4,Sin_vinculos,0
kekasalgado1,kekasalgado1,Sin_vinculos,0
CristinaAlcalaL,CristinaAlcalaL,Sin_vinculos,0
JuanAlbertoLudu,JuanAlbertoLudu,Sin_vinculos,0
sepdigestiva,sepdigestiva,Sin_vinculos,0
AntonGoro65,AntonGoro65,Sin_vinculos,0
franorgi,franorgi,Sin_vinculos,0
esomi_udc,esomi_udc,Sin_vinculos,0
mgonzov,mgonzov,Sigue_comunidad,0
Chile7171,Chile7171,Sin_vinculos,0
blackheart399,blackheart399,Sin_vinculos,0
manuelrangelc,manuelrangelc,Sin_vinculos,0
Leticiarmentamx,Leticiarmentamx,Sin_vinculos,0
PrettoGuilliano,PrettoGuilliano,Sin_vinculos,0
aldo_ferreira83,aldo_ferreira83,Sin_vinculos,0
interneurona,interneurona,Sin_vinculos,1
Rebecca_Martin_,Rebecca_Martin_,Sin_vinculos,0
paloma_almeda,paloma_almeda,Sin_vinculos,0
UCLpress,UCLpress,Sin_vinculos,0
_sadago_,_sadago_,Sin_vinculos,0
Sape_BY,Sape_BY,Sin_vinculos,0
faq3pa,faq3pa,Sin_vinculos,0
zalotesta,zalotesta,Sin_vinculos,0
marcelo_a_leon,marcelo_a_leon,Sin_vinculos,0
nwolovick,nwolovick,Sigue_comunidad,0
MuyWaso,MuyWaso,Sigue_comunidad,0
Aguchosolano,Aguchosolano,Sigue_comunidad,0
valenzine,valenzine,Sin_vinculos,0
nossadeportes,nossadeportes,Sin_vinculos,0
JucaRufo,JucaRufo,Sin_vinculos,0
Laurazul29,Laurazul29,Sin_vinculos,0
FEPAnimal,FEPAnimal,Sin_vinculos,0
RabbitRescueS,RabbitRescueS,Sin_vinculos,0
Moonrider_acme,Moonrider_acme,Sin_vinculos,0
slavegitzultzai,slavegitzultzai,Sin_vinculos,0
LornaJulio,LornaJulio,Sin_vinculos,0
IYAFP,IYAFP,Es_comunidad,0
diva4equality,diva4equality,Sin_vinculos,0
elNegror,elNegror,Sin_vinculos,0
derechosdigital,derechosdigital,Es_comunidad,0
iker_gb89,iker_gb89,Sin_vinculos,0
1_dundermifflin,1_dundermifflin,Sin_vinculos,0
Yerson_yeko,Yerson_yeko,Sin_vinculos,0
Rony_bueso,Rony_bueso,Sin_vinculos,0
RukoxD,RukoxD,Sin_vinculos,0
jjcw88,jjcw88,Sin_vinculos,0
fergg10,fergg10,Sin_vinculos,0
DavidRP_83,DavidRP_83,Sin_vinculos,0
Blaugranda,Blaugranda,Sin_vinculos,0
jcelconejo,jcelconejo,Sin_vinculos,0
juantenorio1988,juantenorio1988,Sin_vinculos,0
dhizz15,dhizz15,Sin_vinculos,0
GhosterPR,GhosterPR,Sin_vinculos,0
niocigarette,niocigarette,Sin_vinculos,0
toledoj_,toledoj_,Sin_vinculos,0
Rexar19,Rexar19,Sin_vinculos,0
AdrianRafaelDi5,AdrianRafaelDi5,Sin_vinculos,0
Elismidnight,Elismidnight,Sin_vinculos,0
028samuel,028samuel,Sin_vinculos,0
afalcon89,afalcon89,Sin_vinculos,0
Antonio10853157,Antonio10853157,Sin_vinculos,0
NeroInquisitor,NeroInquisitor,Sin_vinculos,0
Franzcito20190,Franzcito20190,Sin_vinculos,0
cleopitty,cleopitty,Sin_vinculos,0
CarlosRamiril,CarlosRamiril,Sin_vinculos,0
FEstrada_C,FEstrada_C,Sin_vinculos,0
jairamnios,jairamnios,Sin_vinculos,0
chaps5588,chaps5588,Sin_vinculos,0
Corzozo,Corzozo,Sin_vinculos,0
ebuendiad,ebuendiad,Sin_vinculos,0
gabyislasf,gabyislasf,Sin_vinculos,0
lztwitt,lztwitt,Sin_vinculos,0
vdmmty,vdmmty,Sin_vinculos,0
Isabelagom,Isabelagom,Sin_vinculos,0
chiquis0922,chiquis0922,Sin_vinculos,0
OyendoDiscos,OyendoDiscos,Sin_vinculos,0
mad_maggs,mad_maggs,Sin_vinculos,0
Mar_Jassi,Mar_Jassi,Sin_vinculos,0
RL_Ragnar,RL_Ragnar,Sin_vinculos,0
Espaolayol1,Espaolayol1,Sin_vinculos,0
aidacucho,aidacucho,Sin_vinculos,0
LuisM_MB,LuisM_MB,Sin_vinculos,0
bvaldesp50,bvaldesp50,Sin_vinculos,0
IseikeB,IseikeB,Sin_vinculos,0
callejasalberto,callejasalberto,Sin_vinculos,0
712madrigal,712madrigal,Sin_vinculos,0
waesstef,waesstef,Sin_vinculos,0
josefin04000041,josefin04000041,Sin_vinculos,0
VivezVotreVie_,VivezVotreVie_,Sin_vinculos,0
mgomezrobledor,mgomezrobledor,Sin_vinculos,0
OrteGongora,OrteGongora,Sin_vinculos,0
CynthiaKimM_,CynthiaKimM_,Sin_vinculos,0
justmad,justmad,Sin_vinculos,0
juliopl21,juliopl21,Sin_vinculos,0
antonioortizma2,antonioortizma2,Sin_vinculos,0
ZephIV0,ZephIV0,Sin_vinculos,0
jrisco,jrisco,Sin_vinculos,0
EscutiaIsaias,EscutiaIsaias,Sin_vinculos,0
leonugo,leonugo,Sigue_comunidad,1
manuelv11196150,manuelv11196150,Sin_vinculos,0
sespas,sespas,Sin_vinculos,0
_CarlosRN_,_CarlosRN_,Sin_vinculos,0
abisoy_,abisoy_,Sin_vinculos,0
Papo_yaca,Papo_yaca,Sin_vinculos,0
Interapas,Interapas,Sin_vinculos,0
arconu,arconu,Sin_vinculos,0
SerranaPedrago1,SerranaPedrago1,Sin_vinculos,0
viboron65,viboron65,Sin_vinculos,0
DanubianoL,DanubianoL,Sin_vinculos,0
mximo10meridio1,mximo10meridio1,Sin_vinculos,0
angel30726164,angel30726164,Sin_vinculos,0
Lusotrecedoce,Lusotrecedoce,Sin_vinculos,0
Mike_O_Mora,Mike_O_Mora,Sin_vinculos,0
LilianaEsta,LilianaEsta,Sin_vinculos,0
elegeve,elegeve,Sin_vinculos,0
Inzurrekto1,Inzurrekto1,Sin_vinculos,0
LucyMariscalC1,LucyMariscalC1,Sin_vinculos,0
Giovann69231268,Giovann69231268,Sin_vinculos,0
Ydlan,Ydlan,Sin_vinculos,0
OEA_RDominicana,OEA_RDominicana,Sin_vinculos,0
tigotanguanche,tigotanguanche,Sin_vinculos,0
javifagreda,javifagreda,Sin_vinculos,0
AleMAusc,AleMAusc,Sin_vinculos,0
Jcalvarietti,Jcalvarietti,Sin_vinculos,0
oscar42850297,oscar42850297,Sin_vinculos,0
lluvianicee,lluvianicee,Sin_vinculos,0
lacajadelata,lacajadelata,Sin_vinculos,0
PcanalesgPedro,PcanalesgPedro,Sin_vinculos,0
IluminacionIde1,IluminacionIde1,Sin_vinculos,0
cucurruqui,cucurruqui,Sin_vinculos,0
MariaFer1417,MariaFer1417,Sin_vinculos,0
AndresenCasa,AndresenCasa,Sin_vinculos,0
iVentosinos,iVentosinos,Sin_vinculos,0
aleck2000,aleck2000,Sin_vinculos,0
JulioCe10476633,JulioCe10476633,Sin_vinculos,0
delgadohector58,delgadohector58,Sin_vinculos,0
nerinab1,nerinab1,Sin_vinculos,0
linoportero,linoportero,Sin_vinculos,0
rformigli,rformigli,Sin_vinculos,0
IrenePertuso,IrenePertuso,Sin_vinculos,0
ReneeGa79892548,ReneeGa79892548,Sin_vinculos,0
letraschiquitas,letraschiquitas,Sin_vinculos,0
muamua777,muamua777,Sin_vinculos,0
Mike_Glendaran,Mike_Glendaran,Sin_vinculos,0
OrodinB,OrodinB,Sin_vinculos,0
VicentePatio12,VicentePatio12,Sin_vinculos,0
juanpa2112,juanpa2112,Sin_vinculos,0
karibopy,karibopy,Sin_vinculos,0
alyozu557,alyozu557,Sin_vinculos,0
juasiepo,juasiepo,Sin_vinculos,0
IKikeAguirre,IKikeAguirre,Sin_vinculos,0
JaimeObregon,JaimeObregon,Sin_vinculos,1
Damadeltrading,Damadeltrading,Sin_vinculos,0
mavavi72,mavavi72,Sin_vinculos,0
JavierMendozaRd,JavierMendozaRd,Sin_vinculos,0
clarayesenia8,clarayesenia8,Sin_vinculos,0
hellvikyoficial,hellvikyoficial,Sin_vinculos,0
mxgxw_gamma,mxgxw_gamma,Sin_vinculos,0
JesusRo71429371,JesusRo71429371,Sin_vinculos,0
BrinClary,BrinClary,Sin_vinculos,0
Rampadva,Rampadva,Sin_vinculos,0
EDUARDO02645036,EDUARDO02645036,Sin_vinculos,0
Leticia53231124,Leticia53231124,Sin_vinculos,0
IleMagana,IleMagana,Sin_vinculos,0
Chicho086,Chicho086,Sin_vinculos,0
egdaraorozco,egdaraorozco,Sin_vinculos,0
DiyiPeralta,DiyiPeralta,Sin_vinculos,0
ariztan1,ariztan1,Sin_vinculos,0
seba_flores,seba_flores,Sin_vinculos,1
doroteo64029862,doroteo64029862,Sin_vinculos,0
RAMex_21,RAMex_21,Sin_vinculos,0
KorpzeW,KorpzeW,Sin_vinculos,0
aglezluna,aglezluna,Sin_vinculos,0
LauraUr89551013,LauraUr89551013,Sin_vinculos,0
Vanakarinat,Vanakarinat,Sin_vinculos,0
elgeorgepineda,elgeorgepineda,Sin_vinculos,0
BetyVenegasG,BetyVenegasG,Sin_vinculos,0
licvictorh72,licvictorh72,Sin_vinculos,0
JorgeMachucaL,JorgeMachucaL,Sin_vinculos,0
AntoniodelaC7,AntoniodelaC7,Sin_vinculos,0
MecaJony,MecaJony,Sin_vinculos,0
Paco_Estupinan,Paco_Estupinan,Sin_vinculos,0
clau7509,clau7509,Sin_vinculos,0
OscarSamue14,OscarSamue14,Sin_vinculos,0
EdgarRodriguezK,EdgarRodriguezK,Sin_vinculos,0
NiviaSol_,NiviaSol_,Sin_vinculos,0
LuisAlv323232,LuisAlv323232,Sin_vinculos,0
JaimeRomanINAI,JaimeRomanINAI,Sin_vinculos,0
luis_monlu,luis_monlu,Sin_vinculos,0
getAlvaroDiaz,getAlvaroDiaz,Sin_vinculos,0
yoremesoy,yoremesoy,Sin_vinculos,0
AnaKarenPaSa,AnaKarenPaSa,Sin_vinculos,0
QuinquePolitico,QuinquePolitico,Sin_vinculos,0
MeDicenElBeta,MeDicenElBeta,Sin_vinculos,0
NorteSNT,NorteSNT,Sin_vinculos,0
Iran_Libreros,Iran_Libreros,Sin_vinculos,0
Rolbinsky,Rolbinsky,Sin_vinculos,0
Patricia_ITAIP,Patricia_ITAIP,Sin_vinculos,0
MaAlejandraGG2,MaAlejandraGG2,Sin_vinculos,0
paty6085,paty6085,Sin_vinculos,0
jbarias8a,jbarias8a,Sin_vinculos,0
quiquelfin,quiquelfin,Sin_vinculos,0
ElJoseNaya,ElJoseNaya,Sin_vinculos,0
jose_guaderrama,jose_guaderrama,Sin_vinculos,0
Sandra_Romandia,Sandra_Romandia,Sin_vinculos,0
ideariopolitico,ideariopolitico,Sin_vinculos,0
Sergio_Escalona,Sergio_Escalona,Sin_vinculos,0
GCobosC,GCobosC,Sin_vinculos,0
AntonioLpez15,AntonioLpez15,Sin_vinculos,0
matiesau,matiesau,Sin_vinculos,0
GMonroyEnergy,GMonroyEnergy,Sin_vinculos,0
ElCacheroMarcel,ElCacheroMarcel,Sin_vinculos,0
gabrielarr23,gabrielarr23,Sin_vinculos,0
Alan_GarciaDiaz,Alan_GarciaDiaz,Sin_vinculos,0
Edgar_Rebollar1,Edgar_Rebollar1,Sin_vinculos,0
Alespiral,Alespiral,Sin_vinculos,0
fdobencomo,fdobencomo,Sin_vinculos,0
OscarGuerraFord,OscarGuerraFord,Sin_vinculos,0
pajarododomx,pajarododomx,Sin_vinculos,0
felipin_raw,felipin_raw,Sin_vinculos,0
karmejiaa,karmejiaa,Sin_vinculos,0
Miguel_Novoa_G,Miguel_Novoa_G,Sin_vinculos,0
EmDiaz98,EmDiaz98,Sin_vinculos,0
Leonlenos,Leonlenos,Sin_vinculos,0
lorecarrascoW8,lorecarrascoW8,Sin_vinculos,0
ctalavero,ctalavero,Sin_vinculos,0
Moiissess28,Moiissess28,Sin_vinculos,0
R97206801,R97206801,Sin_vinculos,0
pinkbrilli,pinkbrilli,Sin_vinculos,0
maxximusrojas,maxximusrojas,Sin_vinculos,0
nydiacervera,nydiacervera,Sin_vinculos,0
locoadams,locoadams,Sin_vinculos,0
ANALIZALO,ANALIZALO,Sin_vinculos,0
GarciaCenarro,GarciaCenarro,Sin_vinculos,0
viguana74,viguana74,Sin_vinculos,0
gregvazq,gregvazq,Sin_vinculos,0
lamemur,lamemur,Sin_vinculos,0
jafgaqt,jafgaqt,Sin_vinculos,0
ana_guerra71,ana_guerra71,Sin_vinculos,0
Gabriel91714238,Gabriel91714238,Sin_vinculos,0
stefsanchez03,stefsanchez03,Sin_vinculos,0
Cesar_62Nava,Cesar_62Nava,Sin_vinculos,0
rafaba68,rafaba68,Sin_vinculos,0
gemaricardezs,gemaricardezs,Sin_vinculos,0
cyphill,cyphill,Sin_vinculos,0
gabinopradobar4,gabinopradobar4,Sin_vinculos,0
evegescalona,evegescalona,Sin_vinculos,0
Andres_Montoya_,Andres_Montoya_,Sin_vinculos,0
jcnajcarde,jcnajcarde,Sin_vinculos,0
HumbertoBello13,HumbertoBello13,Sin_vinculos,0
ELIZABE42187985,ELIZABE42187985,Sin_vinculos,0
SGarciaSoto,SGarciaSoto,Sin_vinculos,0
JoseBermu16,JoseBermu16,Sin_vinculos,0
Juanmaferg,Juanmaferg,Sin_vinculos,0
C_Mendozav,C_Mendozav,Sin_vinculos,0
LOVELOV81835833,LOVELOV81835833,Sin_vinculos,0
osman_gamez,osman_gamez,Sin_vinculos,0
pau_fergo,pau_fergo,Sin_vinculos,0
Monserr95257738,Monserr95257738,Sin_vinculos,0
keiser_soz,keiser_soz,Sin_vinculos,0
Arielherandez_,Arielherandez_,Sin_vinculos,0
LesterGutiettez,LesterGutiettez,Sin_vinculos,0
CrisosOskr,CrisosOskr,Sin_vinculos,0
ghernandezJ4,ghernandezJ4,Sin_vinculos,0
_carloscatalan_,_carloscatalan_,Sin_vinculos,0
UnaDeCaracoles,UnaDeCaracoles,Sin_vinculos,0
Karimore7,Karimore7,Sin_vinculos,0
Gusgarga,Gusgarga,Sin_vinculos,0
LauraV210781,LauraV210781,Sin_vinculos,0
CaamanoBarahona,CaamanoBarahona,Sin_vinculos,0
sandy_huerta,sandy_huerta,Sin_vinculos,0
Manolo994,Manolo994,Sin_vinculos,0
MarinaSR_01,MarinaSR_01,Sin_vinculos,0
Ericktricks,Ericktricks,Sin_vinculos,0
DonEcija,DonEcija,Sin_vinculos,0
CTFuentes,CTFuentes,Sin_vinculos,0
coco_garcia_n,coco_garcia_n,Sin_vinculos,0
pindiopindio,pindiopindio,Sin_vinculos,0
sapiens_a_veces,sapiens_a_veces,Sin_vinculos,0
LunAitana,LunAitana,Sin_vinculos,0
sra_fletcher9,sra_fletcher9,Sin_vinculos,0
nancy_gatica,nancy_gatica,Sin_vinculos,0
thanerian,thanerian,Sin_vinculos,0
BaldiGari,BaldiGari,Sin_vinculos,0
SerafEH,SerafEH,Sin_vinculos,0
ToniSudria,ToniSudria,Sin_vinculos,0
amoya62,amoya62,Sin_vinculos,0
AitorAnchia,AitorAnchia,Sin_vinculos,0
DanyFlores0801,DanyFlores0801,Sin_vinculos,0
haeru_aguilar,haeru_aguilar,Sin_vinculos,0
mundopassport1,mundopassport1,Sin_vinculos,0
SniaGP,SniaGP,Sin_vinculos,0
sara_montes19,sara_montes19,Sin_vinculos,0
TylerFunes,TylerFunes,Sin_vinculos,0
McculleyLilith,McculleyLilith,Sin_vinculos,0
jcurielcuriel,jcurielcuriel,Sin_vinculos,0
robflores1310,robflores1310,Sin_vinculos,0
MA3673,MA3673,Sin_vinculos,0
yare_hernandes1,yare_hernandes1,Sin_vinculos,0
lauraferrarihn,lauraferrarihn,Sin_vinculos,0
kim_hernandes12,kim_hernandes12,Sin_vinculos,0
FabiolaGarcaMe7,FabiolaGarcaMe7,Sin_vinculos,0
eljarin,eljarin,Sin_vinculos,0
FranklinElvir4,FranklinElvir4,Sin_vinculos,0
JRAyelet,JRAyelet,Sin_vinculos,0
EliasZam_95,EliasZam_95,Sin_vinculos,0
positiva22,positiva22,Sin_vinculos,0
abonilla0520,abonilla0520,Sin_vinculos,0
AntonioOropoli,AntonioOropoli,Sin_vinculos,0
LuisGodoy_68,LuisGodoy_68,Sin_vinculos,0
g3rsio,g3rsio,Sin_vinculos,0
AlejandraVald5,AlejandraVald5,Sin_vinculos,0
MelvinM46,MelvinM46,Sin_vinculos,0
Lauritago95,Lauritago95,Sin_vinculos,0
MarceMoncada3,MarceMoncada3,Sin_vinculos,0
Roussfuentes504,Roussfuentes504,Sin_vinculos,0
yenysierra8,yenysierra8,Sin_vinculos,0
Yenyrubio6,Yenyrubio6,Sin_vinculos,0
CCCHALY,CCCHALY,Sin_vinculos,0
LeonorVallejo4,LeonorVallejo4,Sin_vinculos,0
Jaru_Aparicio,Jaru_Aparicio,Sin_vinculos,0
GERARDOLAMAZH,GERARDOLAMAZH,Sin_vinculos,0
nasdroviaaa91,nasdroviaaa91,Sin_vinculos,0
TuiteraZoila,TuiteraZoila,Sin_vinculos,0
omarTDY,omarTDY,Sin_vinculos,0
PLDComunica,PLDComunica,Sin_vinculos,0
AbogadoAriel,AbogadoAriel,Sin_vinculos,0
sergio681,sergio681,Sin_vinculos,0
otherpax,otherpax,Sin_vinculos,0
HugoHidalgoRD,HugoHidalgoRD,Sin_vinculos,0
estampajaponesa,estampajaponesa,Sin_vinculos,0
StephyVelS,StephyVelS,Sin_vinculos,0
malvarez_smo,malvarez_smo,Sin_vinculos,0
luchoburgos,luchoburgos,Sigue_comunidad,0
sgadrid,sgadrid,Sin_vinculos,0
joancinho1972,joancinho1972,Sin_vinculos,0
Mussgoby,Mussgoby,Sin_vinculos,0
ccabezas,ccabezas,Sigue_comunidad,0
basiuniverse,basiuniverse,Sin_vinculos,0
voxmarratxi,voxmarratxi,Sin_vinculos,0
Leonrr,Leonrr,Sin_vinculos,0
melvynherrerac,melvynherrerac,Sin_vinculos,0
hernandimitriv,hernandimitriv,Sin_vinculos,0
JuanGregorioMa7,JuanGregorioMa7,Sin_vinculos,0
racingueru,racingueru,Sin_vinculos,0
juanIlianov,juanIlianov,Sin_vinculos,0
AnaMariaSanNic1,AnaMariaSanNic1,Sin_vinculos,0
paulmarin19,paulmarin19,Sin_vinculos,0
juanmalamet,juanmalamet,Sin_vinculos,0
UkraineNews11,UkraineNews11,Sin_vinculos,0
rochigranados,rochigranados,Sin_vinculos,0
ramendozap,ramendozap,Sin_vinculos,0
iluminandos,iluminandos,Sin_vinculos,0
rescandon1,rescandon1,Sin_vinculos,0
igll,igll,Sin_vinculos,0
AugusTheDog,AugusTheDog,Sin_vinculos,0
jessieslostpov,jessieslostpov,Sin_vinculos,0
impd_p,impd_p,Sin_vinculos,0
dynfarch,dynfarch,Sin_vinculos,0
Emeantigua,Emeantigua,Sin_vinculos,0
AbelPueblo,AbelPueblo,Sin_vinculos,0
MARIAFL24325751,MARIAFL24325751,Sin_vinculos,0
marizan_rafael,marizan_rafael,Sin_vinculos,0
interinainaina,interinainaina,Sin_vinculos,0
valquemado,valquemado,Sin_vinculos,0
ivgarcas,ivgarcas,Sin_vinculos,0
SVelascoJimenez,SVelascoJimenez,Sin_vinculos,0
Mimonoamelioyo,Mimonoamelioyo,Sin_vinculos,0
lamedusadelamor,lamedusadelamor,Sin_vinculos,0
algoharemos,algoharemos,Sin_vinculos,0
jomasaba,jomasaba,Sin_vinculos,0
Okydonky,Okydonky,Sin_vinculos,0
Mabelle2606,Mabelle2606,Sin_vinculos,1
ERM84Md,ERM84Md,Sin_vinculos,0
RaquelCriado78,RaquelCriado78,Sin_vinculos,0
manuti,manuti,Sin_vinculos,0
maygallega,maygallega,Sin_vinculos,0
FormacionDiseno,FormacionDiseno,Sin_vinculos,0
codicemontse,codicemontse,Sin_vinculos,0
ErafoxZl,ErafoxZl,Sin_vinculos,0
BoricTheidiot,BoricTheidiot,Sin_vinculos,0
vicadi19,vicadi19,Sin_vinculos,0
alcaudon,alcaudon,Sin_vinculos,0
begonias1960,begonias1960,Sin_vinculos,0
marx_asesino,marx_asesino,Sin_vinculos,0
MrBigGoose1,MrBigGoose1,Sin_vinculos,0
ricardo_gachuz,ricardo_gachuz,Sin_vinculos,0
Jovi1966,Jovi1966,Sin_vinculos,0
asiinforma2023,asiinforma2023,Sin_vinculos,0
DanielC41519829,DanielC41519829,Sin_vinculos,0
achuchones,achuchones,Sin_vinculos,0
guchy_________,guchy_________,Sin_vinculos,0
teo1357,teo1357,Sin_vinculos,0
fsalviat,fsalviat,Sin_vinculos,0
piedras1981,piedras1981,Sin_vinculos,0
bbbcccnnn,bbbcccnnn,Sin_vinculos,0
SanchezDinix,SanchezDinix,Sin_vinculos,0
rgemagg,rgemagg,Sin_vinculos,0
Fcojavierhs,Fcojavierhs,Sin_vinculos,0
cibermanolete,cibermanolete,Sin_vinculos,0
analani,analani,Sin_vinculos,0
RamonCab2014,RamonCab2014,Sin_vinculos,0
BibianaMaciell,BibianaMaciell,Sin_vinculos,0
Papintapin,Papintapin,Sin_vinculos,0
RegSureste_SNT,RegSureste_SNT,Sin_vinculos,0
UnCalquera_,UnCalquera_,Sin_vinculos,0
AntonioNoberto1,AntonioNoberto1,Sin_vinculos,0
aranchalapancha,aranchalapancha,Sin_vinculos,0
mc99020813,mc99020813,Sin_vinculos,0
etomast,etomast,Sin_vinculos,0
LegnaSiulz,LegnaSiulz,Sin_vinculos,0
valmartin04,valmartin04,Sin_vinculos,0
BasketValor,BasketValor,Sin_vinculos,0
jcarlosmelian,jcarlosmelian,Sin_vinculos,0
Michubichi1,Michubichi1,Sin_vinculos,0
UnaFachaMas_,UnaFachaMas_,Sin_vinculos,0
DFazouro,DFazouro,Sin_vinculos,0
jordiure,jordiure,Sin_vinculos,0
papapitufo74,papapitufo74,Sin_vinculos,0
MHDG1945,MHDG1945,Sin_vinculos,0
cuernecillos,cuernecillos,Sin_vinculos,0
caceresrosadoj,caceresrosadoj,Sigue_comunidad,0
gomez_berrin,gomez_berrin,Sin_vinculos,0
loren_perdido,loren_perdido,Sin_vinculos,0
docanbravo,docanbravo,Sin_vinculos,0
Cris_Morano,Cris_Morano,Sin_vinculos,0
monrodriguez,monrodriguez,Sin_vinculos,0
Pericod99512769,Pericod99512769,Sin_vinculos,0
Juan_Gascon,Juan_Gascon,Sin_vinculos,0
marceloaunu,marceloaunu,Sin_vinculos,0
abriendo_datos,abriendo_datos,Es_comunidad,1
BetoSoenksen,BetoSoenksen,Sin_vinculos,0
MBEO1962,MBEO1962,Sin_vinculos,0
Miradelmar,Miradelmar,Sin_vinculos,0
DelfinaP10,DelfinaP10,Sin_vinculos,0
Rene_Raba,Rene_Raba,Sin_vinculos,0
CarlaCecil,CarlaCecil,Sin_vinculos,0
Ozono_333,Ozono_333,Sin_vinculos,0
ketty2409,ketty2409,Sin_vinculos,0
Eacor,Eacor,Sin_vinculos,0
alfonsopaulus,alfonsopaulus,Sin_vinculos,0
Pichu350,Pichu350,Sin_vinculos,0
jalessandri,jalessandri,Sin_vinculos,0
jorgemolinas,jorgemolinas,Sin_vinculos,0
ELIHARKONNEN,ELIHARKONNEN,Sin_vinculos,0
55FEMALE,55FEMALE,Sin_vinculos,0
chemarueda1,chemarueda1,Sin_vinculos,0
perezi27,perezi27,Sin_vinculos,0
RobertoNiro9,RobertoNiro9,Sin_vinculos,0
Anagolf1,Anagolf1,Sin_vinculos,0
AnaBeln_,AnaBeln_,Sin_vinculos,0
Gerardo28478900,Gerardo28478900,Sin_vinculos,0
David10070552,David10070552,Sin_vinculos,0
jmloarte69,jmloarte69,Sin_vinculos,0
marchelitolee,marchelitolee,Sin_vinculos,0
oviedista13,oviedista13,Sin_vinculos,0
javivil1976,javivil1976,Sin_vinculos,0
R_E_1971,R_E_1971,Sin_vinculos,0
milanabonita60,milanabonita60,Sin_vinculos,0
gencaticUV,gencaticUV,Sin_vinculos,0
Javierautor,Javierautor,Sin_vinculos,0
Castilnuevo1,Castilnuevo1,Sin_vinculos,0
chantalapiedra,chantalapiedra,Sin_vinculos,0
Lonchibiri,Lonchibiri,Sin_vinculos,0
josemadretenes,josemadretenes,Sin_vinculos,0
antonio790602,antonio790602,Sin_vinculos,0
CrissolForum,CrissolForum,Sin_vinculos,0
patrypons,patrypons,Sin_vinculos,0
teacherpresen,teacherpresen,Sin_vinculos,0
ElAroDeAro,ElAroDeAro,Sin_vinculos,0
1979Nati,1979Nati,Sin_vinculos,0
sandycorrea94,sandycorrea94,Sin_vinculos,0
martos_pilar,martos_pilar,Sin_vinculos,0
topo_gun,topo_gun,Sin_vinculos,0
Blancafsp,Blancafsp,Sin_vinculos,0
mari_marab,mari_marab,Sin_vinculos,0
panfilina,panfilina,Sin_vinculos,0
frannydiego,frannydiego,Sin_vinculos,0
bebe15009,bebe15009,Sin_vinculos,0
NoPotemosNo,NoPotemosNo,Sin_vinculos,0
Maurici41386181,Maurici41386181,Sin_vinculos,0
PeterPon16,PeterPon16,Sin_vinculos,0
BanosDiz,BanosDiz,Sin_vinculos,0
fnajeraoficial1,fnajeraoficial1,Sin_vinculos,0
Morenamia21051,Morenamia21051,Sin_vinculos,0
SirCligner,SirCligner,Sin_vinculos,0
SusanaRivasV,SusanaRivasV,Sin_vinculos,0
tiempoesvida,tiempoesvida,Sin_vinculos,0
YHV29451709,YHV29451709,Sin_vinculos,0
Aleph349Alfredo,Aleph349Alfredo,Sin_vinculos,0
BeanaNova,BeanaNova,Sin_vinculos,0
iudicobasan,iudicobasan,Sin_vinculos,0
Arce85Azul,Arce85Azul,Sin_vinculos,0
jimmi276,jimmi276,Sin_vinculos,0
CordovaOrnaldo,CordovaOrnaldo,Sin_vinculos,0
javiergenta,javiergenta,Sin_vinculos,0
exder101,exder101,Sin_vinculos,0
ManuelDeniz2,ManuelDeniz2,Sin_vinculos,0
UnoMasDel68,UnoMasDel68,Sin_vinculos,0
Jhon_Jhos_e,Jhon_Jhos_e,Sin_vinculos,0
RosaMarAG_VOX,RosaMarAG_VOX,Sin_vinculos,0
dracu23,dracu23,Sin_vinculos,0
Luisma0526,Luisma0526,Sin_vinculos,0
CanReull,CanReull,Sin_vinculos,0
Arnoia999,Arnoia999,Sin_vinculos,0
emtrizal61,emtrizal61,Sin_vinculos,0
MxRelevante,MxRelevante,Sin_vinculos,1
pachy267,pachy267,Sin_vinculos,0
Prisca84935656,Prisca84935656,Sin_vinculos,0
CorralSampedro,CorralSampedro,Sin_vinculos,0
CarmenRevista,CarmenRevista,Sin_vinculos,0
frealengo1,frealengo1,Sin_vinculos,0
VMartinezManuel,VMartinezManuel,Sin_vinculos,0
frankmaroc26,frankmaroc26,Sin_vinculos,0
Toni_Aguilar440,Toni_Aguilar440,Sin_vinculos,0
Meroliva,Meroliva,Sin_vinculos,0
jomavigo67,jomavigo67,Sin_vinculos,0
fizuleo356,fizuleo356,Sin_vinculos,0
AdrianaSwis,AdrianaSwis,Sin_vinculos,0
curicornio70,curicornio70,Sin_vinculos,0
ToniAlba0,ToniAlba0,Sin_vinculos,0
nomemanden,nomemanden,Sin_vinculos,0
bmarassa,bmarassa,Sin_vinculos,0
Bambino096,Bambino096,Sin_vinculos,0
conexionnl1,conexionnl1,Sin_vinculos,0
EnYuncosPodemos,EnYuncosPodemos,Sin_vinculos,0
YoVotoAPabloIg1,YoVotoAPabloIg1,Sin_vinculos,0
sruedapascual,sruedapascual,Sigue_comunidad,0
Maribelvoladora,Maribelvoladora,Sin_vinculos,0
Mahelvamp,Mahelvamp,Sin_vinculos,0
Jo_Bulani_2010,Jo_Bulani_2010,Sin_vinculos,0
DCoeinf,DCoeinf,Sin_vinculos,0
YVacantes,YVacantes,Sigue_comunidad,0
carmenferenf,carmenferenf,Sin_vinculos,0
Juanfraav,Juanfraav,Sin_vinculos,0
felo_melo,felo_melo,Sin_vinculos,0
JDMagno,JDMagno,Sin_vinculos,0
ElMarqus7,ElMarqus7,Sin_vinculos,0
VBalear,VBalear,Sin_vinculos,0
LorenaDarkfate,LorenaDarkfate,Sin_vinculos,0
merlufer,merlufer,Sin_vinculos,0
JoseAlc57942473,JoseAlc57942473,Sin_vinculos,0
REALFANCLUBDVOX,REALFANCLUBDVOX,Sin_vinculos,0
Alberto71038477,Alberto71038477,Sin_vinculos,0
rodrigoflosi,rodrigoflosi,Sin_vinculos,0
mayt362,mayt362,Sin_vinculos,0
Cateusca1,Cateusca1,Sin_vinculos,0
quiniel72,quiniel72,Sin_vinculos,0
PaquitodeVox,PaquitodeVox,Sin_vinculos,0
VOXFANCLUBOFI,VOXFANCLUBOFI,Sin_vinculos,0
MumisMero,MumisMero,Sin_vinculos,0
Edisonebog,Edisonebog,Sin_vinculos,0
ConchiMartnez14,ConchiMartnez14,Sin_vinculos,0
gonzalocogonza2,gonzalocogonza2,Sin_vinculos,0
juancar11631737,juancar11631737,Sin_vinculos,0
FR_Guajardo,FR_Guajardo,Sigue_comunidad,0
Maipa8,Maipa8,Sin_vinculos,0
saul_1973,saul_1973,Sin_vinculos,0
MaTeresaTrevino,MaTeresaTrevino,Sigue_comunidad,0
mathusalen2020,mathusalen2020,Sin_vinculos,0
voces73405127,voces73405127,Sin_vinculos,0
pilarin007,pilarin007,Sin_vinculos,0
Mark57734329,Mark57734329,Sin_vinculos,0
pepepousa,pepepousa,Sin_vinculos,0
culiviche,culiviche,Sin_vinculos,0
LordNario,LordNario,Sin_vinculos,0
BLACK_GRAS,BLACK_GRAS,Sin_vinculos,0
mariace44047252,mariace44047252,Sin_vinculos,0
xockes,xockes,Sin_vinculos,0
Antonio35262502,Antonio35262502,Sin_vinculos,0
Beatriz28144321,Beatriz28144321,Sin_vinculos,0
eav_rafael,eav_rafael,Sin_vinculos,0
DnaUrsula,DnaUrsula,Sin_vinculos,0
Victori99623777,Victori99623777,Sin_vinculos,0
sarahibagar,sarahibagar,Sin_vinculos,0
sfprieto,sfprieto,Sin_vinculos,0
LosCazaVacantes,LosCazaVacantes,Sin_vinculos,0
dndnd15156,dndnd15156,Sin_vinculos,0
Amartinezgrane1,Amartinezgrane1,Sin_vinculos,0
MaikpiP,MaikpiP,Sin_vinculos,0
Jo_Herrero,Jo_Herrero,Sin_vinculos,0
CruzPicazo2,CruzPicazo2,Sin_vinculos,0
estoyharto1,estoyharto1,Sin_vinculos,0
MMercedel,MMercedel,Sin_vinculos,0
roucoferreria,roucoferreria,Sin_vinculos,0
MedBlanch,MedBlanch,Sin_vinculos,0
olafmar,olafmar,Sin_vinculos,0
salaseco,salaseco,Sin_vinculos,0
agusgfigueras,agusgfigueras,Sin_vinculos,0
ElensGuitart,ElensGuitart,Sin_vinculos,0
RHerap,RHerap,Sin_vinculos,0
MaxKirschberg,MaxKirschberg,Sin_vinculos,0
Liberty0963,Liberty0963,Sin_vinculos,0
kusus17,kusus17,Sin_vinculos,0
hugomarrod,hugomarrod,Sin_vinculos,0
RocoVillar1,RocoVillar1,Sin_vinculos,0
NavajaMariposa,NavajaMariposa,Sin_vinculos,0
scottyserra,scottyserra,Sin_vinculos,0
BarajitasAna,BarajitasAna,Sin_vinculos,0
laisla62,laisla62,Sin_vinculos,0
Piera2050,Piera2050,Sin_vinculos,0
BrigChurruca,BrigChurruca,Sin_vinculos,0
Pisapraos0,Pisapraos0,Sin_vinculos,0
drcerezuela1,drcerezuela1,Sin_vinculos,0
EEvadidac,EEvadidac,Sin_vinculos,0
jcespi2005,jcespi2005,Sin_vinculos,0
alabordag1,alabordag1,Sin_vinculos,0
EnVanguardia202,EnVanguardia202,Sin_vinculos,0
xosico,xosico,Sin_vinculos,0
IcarVox,IcarVox,Sin_vinculos,0
Victorazulon,Victorazulon,Sin_vinculos,0
DeMalagaBen,DeMalagaBen,Sin_vinculos,0
Carol06558135,Carol06558135,Sin_vinculos,0
azorka13dragon,azorka13dragon,Sin_vinculos,0
Pilinamas,Pilinamas,Sin_vinculos,0
Maria59043110,Maria59043110,Sin_vinculos,0
RamonCP67,RamonCP67,Sin_vinculos,0
aeogab19,aeogab19,Sin_vinculos,0
Carmela81205927,Carmela81205927,Sin_vinculos,0
ElBarondemex,ElBarondemex,Sin_vinculos,0
GobAbiertoCol,GobAbiertoCol,Es_comunidad,0
jurassic_2002es,jurassic_2002es,Sin_vinculos,0
NCReRod,NCReRod,Sin_vinculos,0
mjavilaa,mjavilaa,Sin_vinculos,0
kenaydrago,kenaydrago,Sin_vinculos,0
GrouchoMarcos,GrouchoMarcos,Sin_vinculos,0
carla65962203,carla65962203,Sin_vinculos,0
joel_2001_cdz,joel_2001_cdz,Sin_vinculos,0
giulyglez1,giulyglez1,Sin_vinculos,0
kikorron9,kikorron9,Sin_vinculos,0
RafaelHerranz55,RafaelHerranz55,Sin_vinculos,0
UlisesRamirezG,UlisesRamirezG,Sin_vinculos,1
ATCoco2017,ATCoco2017,Sin_vinculos,0
maritoovelar,maritoovelar,Sin_vinculos,0
Alfonso70722035,Alfonso70722035,Sin_vinculos,0
CarrilVirgilio,CarrilVirgilio,Sin_vinculos,0
pvmatud,pvmatud,Sin_vinculos,0
curreitor,curreitor,Sin_vinculos,0
Ana38164771,Ana38164771,Sin_vinculos,0
roccoespana,roccoespana,Sin_vinculos,0
Siguien62124986,Siguien62124986,Sin_vinculos,0
SilviaF36420226,SilviaF36420226,Sin_vinculos,0
margem21,margem21,Sin_vinculos,0
IreneRivas7,IreneRivas7,Sin_vinculos,0
aneshalieli,aneshalieli,Sin_vinculos,0
VOXpESPANA,VOXpESPANA,Sin_vinculos,0
lordpady,lordpady,Sin_vinculos,0
canuterio96,canuterio96,Sin_vinculos,0
Guzmansuli1,Guzmansuli1,Sin_vinculos,0
miguelcsz,miguelcsz,Sin_vinculos,0
Mar56925884,Mar56925884,Sin_vinculos,0
barandaand2,barandaand2,Sin_vinculos,0
inmoaverycom,inmoaverycom,Sin_vinculos,0
Pocolopez2,Pocolopez2,Sin_vinculos,0
Cristin81378186,Cristin81378186,Sin_vinculos,0
ClerkKant1,ClerkKant1,Sin_vinculos,0
pichi74sp,pichi74sp,Sin_vinculos,0
taliban2214,taliban2214,Sin_vinculos,0
Vadodecaza1,Vadodecaza1,Sin_vinculos,0
juanmiguelvigil,juanmiguelvigil,Sin_vinculos,0
PCdc22,PCdc22,Sin_vinculos,0
jalifante,jalifante,Sin_vinculos,0
waltelpol,waltelpol,Sin_vinculos,0
indomitatorRS2,indomitatorRS2,Sin_vinculos,0
Juanmjh1,Juanmjh1,Sin_vinculos,0
vejinor,vejinor,Sin_vinculos,0
SaulTrend,SaulTrend,Sin_vinculos,0
angelheras64,angelheras64,Sin_vinculos,0
CarlosJ65007537,CarlosJ65007537,Sin_vinculos,0
thommyspain,thommyspain,Sin_vinculos,0
dani_betico4,dani_betico4,Sin_vinculos,0
Carlos92342,Carlos92342,Sin_vinculos,0
AtienzaOp,AtienzaOp,Sin_vinculos,0
YYexux,YYexux,Sin_vinculos,0
jalocu1960,jalocu1960,Sin_vinculos,0
Antonio72112202,Antonio72112202,Sin_vinculos,0
Luka63,Luka63,Sin_vinculos,0
Mazcua,Mazcua,Sin_vinculos,0
Noche1605,Noche1605,Sin_vinculos,0
no_pointofview,no_pointofview,Sin_vinculos,0
RupertitaR,RupertitaR,Sin_vinculos,0
BMoyaGomzalez,BMoyaGomzalez,Sin_vinculos,0
lulica79566257,lulica79566257,Sin_vinculos,0
CarmenQ76015649,CarmenQ76015649,Sin_vinculos,0
sofiyou56,sofiyou56,Sin_vinculos,0
vencejor,vencejor,Sin_vinculos,0
BVellisco1,BVellisco1,Sin_vinculos,0
anfervi,anfervi,Sin_vinculos,0
Montesforever,Montesforever,Sin_vinculos,0
Dannyelsan1613,Dannyelsan1613,Sin_vinculos,0
ferfercarpediem,ferfercarpediem,Sin_vinculos,0
Federivas2013,Federivas2013,Sin_vinculos,0
loc_coco,loc_coco,Sin_vinculos,0
kuki_patri,kuki_patri,Sin_vinculos,0
rafamaroto17,rafamaroto17,Sin_vinculos,0
Candy_Chasirasi,Candy_Chasirasi,Sin_vinculos,0
mailidi,mailidi,Sin_vinculos,0
BuenoConservate,BuenoConservate,Sin_vinculos,0
reme1364,reme1364,Sin_vinculos,0
CarmenR66023383,CarmenR66023383,Sin_vinculos,0
mgicafe,mgicafe,Sin_vinculos,0
PedroMi318i,PedroMi318i,Sin_vinculos,0
dididodo_c2,dididodo_c2,Sin_vinculos,0
FerchoJFAL,FerchoJFAL,Sin_vinculos,0
ManilkaraZ,ManilkaraZ,Sin_vinculos,0
notasausencia,notasausencia,Sin_vinculos,0
Bere_mu_Za,Bere_mu_Za,Sin_vinculos,0
valelelele_,valelelele_,Sin_vinculos,0
ApisSureste,ApisSureste,Sin_vinculos,0
VotoLGBTQ,VotoLGBTQ,Sin_vinculos,0
SilviaCJ1,SilviaCJ1,Sin_vinculos,0
santimgarrido,santimgarrido,Sin_vinculos,0
monicmar68,monicmar68,Sin_vinculos,0
Radio_Web_MACBA,Radio_Web_MACBA,Sin_vinculos,0
SeirenFilms,SeirenFilms,Sin_vinculos,0
apoloniogomez,apoloniogomez,Sin_vinculos,0
klizgoat,klizgoat,Sin_vinculos,0
D_Villalonga,D_Villalonga,Sin_vinculos,0
madlonz4,madlonz4,Sin_vinculos,0
DelQuerol,DelQuerol,Sin_vinculos,0
AlberGarciaSan,AlberGarciaSan,Sin_vinculos,0
alejandros923,alejandros923,Sin_vinculos,0
zeux252000,zeux252000,Sin_vinculos,0
WilleamAlberto,WilleamAlberto,Sin_vinculos,0
twintesis,twintesis,Sin_vinculos,0
norina67,norina67,Sin_vinculos,0
TienenMiVoto24,TienenMiVoto24,Sin_vinculos,0
JesusDisalle,JesusDisalle,Sin_vinculos,0
andersonmavi30,andersonmavi30,Sigue_comunidad,0
Adrian_Gcia,Adrian_Gcia,Sin_vinculos,0
almu_hs,almu_hs,Sin_vinculos,0
UbunlogWeb,UbunlogWeb,Sin_vinculos,0
LXALinuxAdictos,LXALinuxAdictos,Sin_vinculos,0
Reciaria,Reciaria,Sigue_comunidad,0
Ksport29,Ksport29,Sin_vinculos,0
soyelisarios,soyelisarios,Sin_vinculos,1
vaacpy,vaacpy,Sin_vinculos,0
aleco_rodri,aleco_rodri,Sin_vinculos,0
CarlosCorri11,CarlosCorri11,Sin_vinculos,0
fportantier,fportantier,Sin_vinculos,0
andyromerodev,andyromerodev,Sin_vinculos,0
CorinaPin2,CorinaPin2,Sin_vinculos,0
nathamilano1,nathamilano1,Sin_vinculos,0
manuelernestog,manuelernestog,Sin_vinculos,0
albiportillo77,albiportillo77,Sin_vinculos,0
PosadaVilda,PosadaVilda,Sin_vinculos,0
Carloschavo2,Carloschavo2,Sin_vinculos,0
VReyesOficial,VReyesOficial,Sin_vinculos,0
SrAnonimous_666,SrAnonimous_666,Sin_vinculos,0
jardindelno,jardindelno,Sin_vinculos,0
Esqueda_LopezCh,Esqueda_LopezCh,Sin_vinculos,0
D10883441,D10883441,Sin_vinculos,0
zzkrecords,zzkrecords,Sin_vinculos,0
David_CabreraC,David_CabreraC,Sin_vinculos,0
angelisnardi,angelisnardi,Sin_vinculos,0
mvargasg86,mvargasg86,Sin_vinculos,0
JaviHdzzzz,JaviHdzzzz,Sin_vinculos,0
Psegovia9976,Psegovia9976,Sin_vinculos,0
pjorquera,pjorquera,Sin_vinculos,0
CIEUATx,CIEUATx,Sigue_comunidad,0
Amcarben,Amcarben,Sin_vinculos,0
PaulUrbina666,PaulUrbina666,Sin_vinculos,0
yutinico,yutinico,Sin_vinculos,0
old_isra1,old_isra1,Sin_vinculos,0
FrenteCumbiero,FrenteCumbiero,Sin_vinculos,0
Egilona,Egilona,Sin_vinculos,0
kristiamchavez,kristiamchavez,Sin_vinculos,0
PosibleEs,PosibleEs,Sin_vinculos,0
Rexacz,Rexacz,Sin_vinculos,0
ReketePatri81,ReketePatri81,Sin_vinculos,0
Fepile9,Fepile9,Sin_vinculos,0
guerra_idy,guerra_idy,Sin_vinculos,0
anitamober,anitamober,Sin_vinculos,0
adgardi,adgardi,Sin_vinculos,0
lennardscript,lennardscript,Sin_vinculos,0
chuckyjuy,chuckyjuy,Sigue_comunidad,0
DabiddoKun,DabiddoKun,Sin_vinculos,0
manologc_salsa,manologc_salsa,Sin_vinculos,0
edicionweb,edicionweb,Sin_vinculos,0
lrioscoutino,lrioscoutino,Sin_vinculos,0
Echo_Hunter,Echo_Hunter,Sin_vinculos,0
JosueFerr1995,JosueFerr1995,Sin_vinculos,0
HeroNeos13,HeroNeos13,Sin_vinculos,0
angelitoqr,angelitoqr,Sin_vinculos,0
hectorgpergo,hectorgpergo,Sin_vinculos,0
LourdesMZaragoz,LourdesMZaragoz,Sin_vinculos,0
AytoYecla,AytoYecla,Sin_vinculos,0
cusi_claudio,cusi_claudio,Sin_vinculos,0
myosinttrainer,myosinttrainer,Sin_vinculos,0
Chupy35,Chupy35,Sin_vinculos,0
Steffy_Valencia,Steffy_Valencia,Sin_vinculos,0
codeshard,codeshard,Sin_vinculos,0
gvamericalatina,gvamericalatina,Es_comunidad,0
ChamanTrueno,ChamanTrueno,Sin_vinculos,0
dustfruit,dustfruit,Sin_vinculos,0
soyzuztech,soyzuztech,Sin_vinculos,0
RxManuel,RxManuel,Sin_vinculos,0
BtcAndres,BtcAndres,Sin_vinculos,1
asofiamon,asofiamon,Sin_vinculos,0
JuanPabloskyy,JuanPabloskyy,Sin_vinculos,0
aandaradev,aandaradev,Sin_vinculos,0
darapepe,darapepe,Sin_vinculos,0
EnojadaTipita,EnojadaTipita,Sin_vinculos,0
albertccs1976,albertccs1976,Sigue_comunidad,1
DiegoCeballosLo,DiegoCeballosLo,Sin_vinculos,0
Rebeyurima,Rebeyurima,Sin_vinculos,0
raslaef,raslaef,Sin_vinculos,0
xTh3No3x,xTh3No3x,Sin_vinculos,0
jdanezc,jdanezc,Sin_vinculos,0
PathrosYHafid,PathrosYHafid,Sin_vinculos,0
krudox,krudox,Sin_vinculos,0
CEP_Orcera,CEP_Orcera,Sin_vinculos,0
OmegaTOfficial,OmegaTOfficial,Sin_vinculos,0
brandelune,brandelune,Sin_vinculos,0
JLBuenoMendez,JLBuenoMendez,Sin_vinculos,0
jmcarias,jmcarias,Sin_vinculos,0
am_rivillaniu,am_rivillaniu,Sin_vinculos,0
rserlew,rserlew,Sin_vinculos,0
OlgerEras,OlgerEras,Sin_vinculos,0
C26NavasMariluz,C26NavasMariluz,Sin_vinculos,0
contreras_vejar,contreras_vejar,Sin_vinculos,0
emiliobueso,emiliobueso,Sin_vinculos,0
Eduardo00767834,Eduardo00767834,Sin_vinculos,0
Area51_EC,Area51_EC,Sin_vinculos,0
looneytunes03,looneytunes03,Sin_vinculos,0
SergioMonraz,SergioMonraz,Sin_vinculos,0
EnciendeApaga,EnciendeApaga,Sin_vinculos,0
profealfonsojs,profealfonsojs,Sin_vinculos,0
lexv3,lexv3,Sin_vinculos,0
VillenMillenion,VillenMillenion,Sin_vinculos,0
Manoceva,Manoceva,Sin_vinculos,0
yemilecrojas,yemilecrojas,Sin_vinculos,0
YulyFlores15,YulyFlores15,Sin_vinculos,0
AlejandroSig,AlejandroSig,Sin_vinculos,0
yonnyMujica2,yonnyMujica2,Sin_vinculos,0
StyleCoro,StyleCoro,Sin_vinculos,0
ENIIT_,ENIIT_,Sin_vinculos,0
cexxiliavergara,cexxiliavergara,Sin_vinculos,0
Rafael71323328,Rafael71323328,Sin_vinculos,0
marlyromebc,marlyromebc,Sin_vinculos,0
velizmari534,velizmari534,Sin_vinculos,0
Vernica35676693,Vernica35676693,Sin_vinculos,0
pavivina,pavivina,Sin_vinculos,0
Jesus82830043,Jesus82830043,Sin_vinculos,0
Willy57799058,Willy57799058,Sin_vinculos,0
MaraJogon,MaraJogon,Sin_vinculos,0
GreciaQuirpa,GreciaQuirpa,Sin_vinculos,0
mendez_wiki,mendez_wiki,Sin_vinculos,0
cas21bqto,cas21bqto,Sin_vinculos,0
panagreen,panagreen,Sin_vinculos,0
antoniohoya123,antoniohoya123,Sin_vinculos,0
ChaconEliangel,ChaconEliangel,Sin_vinculos,0
JovenDLaPatria,JovenDLaPatria,Sin_vinculos,0
RuthSua25829059,RuthSua25829059,Sin_vinculos,0
rivilla131,rivilla131,Sin_vinculos,0
Francis41513132,Francis41513132,Sin_vinculos,0
ThisisDuna,ThisisDuna,Sin_vinculos,0
AcostaJesus22,AcostaJesus22,Sin_vinculos,0
dani199208,dani199208,Sin_vinculos,0
joseher24827888,joseher24827888,Sin_vinculos,0
TeresoGustavo,TeresoGustavo,Sin_vinculos,0
LeonardoGuanip5,LeonardoGuanip5,Sin_vinculos,0
andy000011122,andy000011122,Sin_vinculos,0
Cuello51797248,Cuello51797248,Sin_vinculos,0
karolin02737985,karolin02737985,Sin_vinculos,0
GilbertoAlborn8,GilbertoAlborn8,Sin_vinculos,0
JesusHi12761710,JesusHi12761710,Sin_vinculos,0
Ibramadriz,Ibramadriz,Sin_vinculos,0
Alejand16372066,Alejand16372066,Sin_vinculos,0
Adalber601,Adalber601,Sin_vinculos,0
JorgeOberto6,JorgeOberto6,Sin_vinculos,0
Alejand68914313,Alejand68914313,Sin_vinculos,0
moralesluisa784,moralesluisa784,Sin_vinculos,0
JoseVer55396815,JoseVer55396815,Sin_vinculos,0
lanchero_r,lanchero_r,Sin_vinculos,0
Frikiti5,Frikiti5,Sin_vinculos,0
AlexisR1502,AlexisR1502,Sin_vinculos,0
johngar58681295,johngar58681295,Sin_vinculos,0
LManeiroORA,LManeiroORA,Sin_vinculos,0
Maribel20285858,Maribel20285858,Sin_vinculos,0
francysmar28,francysmar28,Sin_vinculos,0
JoseMon03970263,JoseMon03970263,Sin_vinculos,0
GersonV91346828,GersonV91346828,Sin_vinculos,0
CarolGo42610365,CarolGo42610365,Sin_vinculos,0
OneisiSanchez,OneisiSanchez,Sin_vinculos,0
Alviarez123,Alviarez123,Sin_vinculos,0
NoelMar30339021,NoelMar30339021,Sin_vinculos,0
miliciaestudia1,miliciaestudia1,Sin_vinculos,0
anachir74887981,anachir74887981,Sin_vinculos,0
nurcamaruehere1,nurcamaruehere1,Sin_vinculos,0
Edi_fernandez03,Edi_fernandez03,Sin_vinculos,0
LuisFer77078231,LuisFer77078231,Sin_vinculos,0
EdgarNegron19,EdgarNegron19,Sin_vinculos,0
Nachoitn,Nachoitn,Sin_vinculos,0
tropa_uneti17,tropa_uneti17,Sin_vinculos,1
frany19961,frany19961,Sin_vinculos,0
jorgesu98415080,jorgesu98415080,Sin_vinculos,0
rivillasarai,rivillasarai,Sin_vinculos,0
moresvyrodrig,moresvyrodrig,Sin_vinculos,0
KeivisYamarte,KeivisYamarte,Sin_vinculos,0
Yhalexis4,Yhalexis4,Sin_vinculos,0
felicia18640359,felicia18640359,Sin_vinculos,0
Andres_RISCV,Andres_RISCV,Sigue_comunidad,0
carlostomasini,carlostomasini,Sin_vinculos,0
AdamesVillamil,AdamesVillamil,Sin_vinculos,0
Miguel84131267,Miguel84131267,Sin_vinculos,0
InfoCdMex,InfoCdMex,Sigue_comunidad,0
HectorMayaI,HectorMayaI,Sin_vinculos,0
SmartVpn_EE_ADS,SmartVpn_EE_ADS,Sin_vinculos,0
David_Q_R,David_Q_R,Sin_vinculos,0
platoniq,platoniq,Sin_vinculos,0
decidim_org,decidim_org,Es_comunidad,0
nil_hb95,nil_hb95,Sin_vinculos,0
majoscowx2,majoscowx2,Sin_vinculos,0
cdparra,cdparra,Sigue_comunidad,0
FerchoMaidana,FerchoMaidana,Sin_vinculos,0
FFiorioPizurno,FFiorioPizurno,Sin_vinculos,0
SilviaMorimoto,SilviaMorimoto,Sin_vinculos,0
jechevers,jechevers,Sin_vinculos,0
salhaj,salhaj,Sin_vinculos,0
podcastlinux,podcastlinux,Sin_vinculos,0
fuensanta_1,fuensanta_1,Sin_vinculos,0
MiriamRojasP,MiriamRojasP,Sin_vinculos,0
RecluITmx,RecluITmx,Sigue_comunidad,0
Kaka_Laux,Kaka_Laux,Sin_vinculos,0
douglasomaia,douglasomaia,Sin_vinculos,0
popkorman,popkorman,Sin_vinculos,0
Rariesariana,Rariesariana,Sin_vinculos,0
laelleafar,laelleafar,Sin_vinculos,0
leonascimento07,leonascimento07,Sin_vinculos,0
dannyelSa,dannyelSa,Sin_vinculos,0
alisonsilva_,alisonsilva_,Sin_vinculos,0
claudiocanuto,claudiocanuto,Sin_vinculos,0
tsnormando,tsnormando,Sin_vinculos,0
redi_roger,redi_roger,Sin_vinculos,0
OPalindromista,OPalindromista,Sin_vinculos,0
a1000tonLima,a1000tonLima,Sin_vinculos,0
jpcuenca,jpcuenca,Sin_vinculos,0
FelipeA74314880,FelipeA74314880,Sin_vinculos,0
desaninhador,desaninhador,Sin_vinculos,0
alissonmasoares,alissonmasoares,Sin_vinculos,0
icarovsky,icarovsky,Sin_vinculos,0
icarosolaire,icarosolaire,Sin_vinculos,0
acao32,acao32,Sin_vinculos,0
RenataMourao,RenataMourao,Sin_vinculos,0
ElyeserSzturm,ElyeserSzturm,Sin_vinculos,0
ShaozengZ,ShaozengZ,Sin_vinculos,0
luxfl_,luxfl_,Sin_vinculos,0
pablobrodrigues,pablobrodrigues,Sin_vinculos,0
stef_stett,stef_stett,Sin_vinculos,0
ManicmioPoetic1,ManicmioPoetic1,Sin_vinculos,0
hockey_roll,hockey_roll,Sin_vinculos,0
darlissou,darlissou,Sin_vinculos,0
LabcamA,LabcamA,Sin_vinculos,0
mllrviv,mllrviv,Sin_vinculos,0
Luisgeoaktion,Luisgeoaktion,Sin_vinculos,0
zecavilardaga,zecavilardaga,Sin_vinculos,0
prtalves,prtalves,Sin_vinculos,0
lavieenrose7594,lavieenrose7594,Sin_vinculos,0
realidademagica,realidademagica,Sin_vinculos,0
manda_Lelis,manda_Lelis,Sin_vinculos,0
burguesdobem,burguesdobem,Sin_vinculos,0
Umacoisaacesa,Umacoisaacesa,Sin_vinculos,0
oarthurmartins,oarthurmartins,Sin_vinculos,0
FelipeSopi,FelipeSopi,Sin_vinculos,0
bonzaniniric,bonzaniniric,Sin_vinculos,0
RafaelJMarques1,RafaelJMarques1,Sin_vinculos,0
thuraraujo,thuraraujo,Sin_vinculos,0
macambiragyn,macambiragyn,Sin_vinculos,0
djalepeixoto,djalepeixoto,Sin_vinculos,0
Patrici86981822,Patrici86981822,Sin_vinculos,0
luistfd,luistfd,Sin_vinculos,0
zanardx,zanardx,Sin_vinculos,0
thiagotxai,thiagotxai,Sin_vinculos,0
sergiopedro,sergiopedro,Sin_vinculos,0
totoviscky,totoviscky,Sin_vinculos,0
edbarrosadv,edbarrosadv,Sin_vinculos,0
klynamen,klynamen,Sin_vinculos,0
Saodionisio,Saodionisio,Sin_vinculos,0
mabatalha,mabatalha,Sin_vinculos,0
elioncampos,elioncampos,Sin_vinculos,0
ShanaEmanuelle,ShanaEmanuelle,Sin_vinculos,0
Lucicecilia,Lucicecilia,Sin_vinculos,0
joelsonramosj,joelsonramosj,Sin_vinculos,0
GilbertoHochman,GilbertoHochman,Sin_vinculos,0
CaldasFagundes,CaldasFagundes,Sin_vinculos,0
figueiredo_f3,figueiredo_f3,Sin_vinculos,0
vampiroteuta,vampiroteuta,Sin_vinculos,0
JairDesventura,JairDesventura,Sin_vinculos,0
LeoTNAlmeida,LeoTNAlmeida,Sin_vinculos,0
jorgescolaa,jorgescolaa,Sin_vinculos,0
rodrigo_turin,rodrigo_turin,Sin_vinculos,0
territoriosteam,territoriosteam,Es_comunidad,1
diana_nerd,diana_nerd,Sigue_comunidad,1
Technolatinas,Technolatinas,Es_comunidad,1
loreniuxmr,loreniuxmr,Es_comunidad,1
dfloresdev,dfloresdev,Sin_vinculos,1
yramyc,yramyc,Sigue_comunidad,1
JorgeRo66412739,JorgeRo66412739,Sin_vinculos,0
eloisa_gc,eloisa_gc,Sin_vinculos,1
JoyceXious,JoyceXious,Sin_vinculos,0
DenisseConDosS,DenisseConDosS,Sin_vinculos,0
helenismo,helenismo,Sigue_comunidad,1
ucandrea,ucandrea,Sin_vinculos,1
Cataxis2,Cataxis2,Sin_vinculos,0
temachtianiMx,temachtianiMx,Sigue_comunidad,1
supeergabs,supeergabs,Sin_vinculos,0
Ritalin_P,Ritalin_P,Sin_vinculos,1
Gelitos_Ramirez,Gelitos_Ramirez,Sigue_comunidad,0
LeiiRaawr,LeiiRaawr,Sin_vinculos,1
Beiriker,Beiriker,Sin_vinculos,0
masmujeresux_mx,masmujeresux_mx,Es_comunidad,0
_mesurashii,_mesurashii,Sin_vinculos,0
Randisima_,Randisima_,Sin_vinculos,0
marianaSalas,marianaSalas,Sin_vinculos,1
luiseduardohd,luiseduardohd,Sin_vinculos,0
NancyLabana,NancyLabana,Sin_vinculos,0
MichDiaz_,MichDiaz_,Sigue_comunidad,0
wonderteki,wonderteki,Sin_vinculos,0
glrodasz,glrodasz,Sin_vinculos,0
WendolinRodrig8,WendolinRodrig8,Sigue_comunidad,1
agnamihira,agnamihira,Sigue_comunidad,0
keymetu,keymetu,Sigue_comunidad,0
Mary__Balino,Mary__Balino,Sin_vinculos,0
MelsPadawan,MelsPadawan,Sin_vinculos,1
LatinasenSEO,LatinasenSEO,Sin_vinculos,0
Jacquelinecisp,Jacquelinecisp,Sigue_comunidad,0
_maggiesam,_maggiesam,Sigue_comunidad,0
ejrv_,ejrv_,Sin_vinculos,0
imgildev,imgildev,Sigue_comunidad,0
MilunaIsK,MilunaIsK,Sin_vinculos,1
Bandgel,Bandgel,Sin_vinculos,1
CCDmx,CCDmx,Sigue_comunidad,0
Jesik_Tapia,Jesik_Tapia,Sigue_comunidad,0
Gonfer1969,Gonfer1969,Sin_vinculos,0
consultinamx,consultinamx,Sin_vinculos,0
_aleepsy,_aleepsy,Sigue_comunidad,1
ivonnealdana_gt,ivonnealdana_gt,Sin_vinculos,1
Montero,Montero,Sin_vinculos,0
gigitb_,gigitb_,Sin_vinculos,1
chouzaraul,chouzaraul,Sin_vinculos,0
Cypher2140,Cypher2140,Sin_vinculos,0
mauri_codes,mauri_codes,Sigue_comunidad,0
hijasdeinternet,hijasdeinternet,Sigue_comunidad,0
VRS_Trainer,VRS_Trainer,Sin_vinculos,0
rosana_rivera,rosana_rivera,Sigue_comunidad,0
RemediosFdez,RemediosFdez,Sigue_comunidad,0
EvaNavarroLopez,EvaNavarroLopez,Sin_vinculos,1
MomandGeekcom,MomandGeekcom,Sigue_comunidad,0
Rsanchez2,Rsanchez2,Sin_vinculos,0
konzuelito,konzuelito,Sigue_comunidad,1
JulioMCruz,JulioMCruz,Sin_vinculos,0
jesscobedo9,jesscobedo9,Sin_vinculos,0
seraph_zaho,seraph_zaho,Sin_vinculos,0
LilithIchigo,LilithIchigo,Sigue_comunidad,0
EmelynRobot,EmelynRobot,Sin_vinculos,0
yd66921,yd66921,Sin_vinculos,1
_EmmaBot,_EmmaBot,Sin_vinculos,0
_EllaBot,_EllaBot,Sin_vinculos,0
OtroMas98866674,OtroMas98866674,Sin_vinculos,0
rparadam,rparadam,Sin_vinculos,0
leslysandra,leslysandra,Sigue_comunidad,0
Amaranta_Vc,Amaranta_Vc,Sin_vinculos,0
NFTDEFILAND,NFTDEFILAND,Sin_vinculos,1
chinafinanciera,chinafinanciera,Sin_vinculos,1
CandyFG,CandyFG,Sigue_comunidad,1
sofikat,sofikat,Sigue_comunidad,1
Julio_Paz01,Julio_Paz01,Sin_vinculos,0
luzy3699,luzy3699,Sigue_comunidad,1
hannaoktaba,hannaoktaba,Sin_vinculos,1
saiphcita,saiphcita,Sin_vinculos,0
taniasosaux,taniasosaux,Sigue_comunidad,1
benjibel,benjibel,Sin_vinculos,1
greendersoul,greendersoul,Sigue_comunidad,1
kitvissuet,kitvissuet,Sin_vinculos,1
NavegaSegura,NavegaSegura,Sin_vinculos,0
maleja111,maleja111,Sigue_comunidad,0
simpat_tech,simpat_tech,Sin_vinculos,0
abrlpumpr,abrlpumpr,Sin_vinculos,0
ChioAA3,ChioAA3,Sin_vinculos,0
dianolasa,dianolasa,Sigue_comunidad,1
amapola420,amapola420,Sin_vinculos,1
ahappydesigner,ahappydesigner,Sigue_comunidad,0
juliescriptdev,juliescriptdev,Sin_vinculos,0
Mr_AYVV,Mr_AYVV,Sin_vinculos,0
BetQueeR,BetQueeR,Sigue_comunidad,0
Eliza_Rain,Eliza_Rain,Sin_vinculos,0
yslenglez,yslenglez,Sin_vinculos,1
danna_kiedis,danna_kiedis,Sin_vinculos,1
osoteitum,osoteitum,Sin_vinculos,0
pacm01ar,pacm01ar,Sin_vinculos,0
happygu82717539,happygu82717539,Sin_vinculos,0
TeacherIndigo,TeacherIndigo,Sin_vinculos,0
VikyAle,VikyAle,Sigue_comunidad,0
Fr_Poposhi,Fr_Poposhi,Sin_vinculos,1
marcrypted,marcrypted,Sin_vinculos,0
Infogon,Infogon,Sin_vinculos,0
saracuadradohdz,saracuadradohdz,Sin_vinculos,0
33Monse23,33Monse23,Sin_vinculos,0
fatissssc,fatissssc,Sigue_comunidad,1
dummy_mx,dummy_mx,Sin_vinculos,0
LorenA_EP_,LorenA_EP_,Sigue_comunidad,0
NancyNSalazar,NancyNSalazar,Sigue_comunidad,1
Arce_Requena,Arce_Requena,Sin_vinculos,1
emmiARivero,emmiARivero,Sin_vinculos,1
BereHeCz,BereHeCz,Sigue_comunidad,0
jailandrade,jailandrade,Sigue_comunidad,0
giornalemx,giornalemx,Sin_vinculos,0
alexandrio,alexandrio,Sin_vinculos,0
Beelzenef_,Beelzenef_,Sin_vinculos,0
jafetoide,jafetoide,Sin_vinculos,0
cucharitalarga,cucharitalarga,Sin_vinculos,0
hiperderecho,hiperderecho,Sigue_comunidad,1
angepacheco,angepacheco,Sin_vinculos,0
StereoFoonk,StereoFoonk,Sin_vinculos,0
MonLopez_,MonLopez_,Sin_vinculos,0
Letyludigital,Letyludigital,Sigue_comunidad,0
iikarla,iikarla,Sin_vinculos,1
locleticialopez,locleticialopez,Sin_vinculos,0
alexmayoralb,alexmayoralb,Sigue_comunidad,0
AjpuMonica,AjpuMonica,Sin_vinculos,0
mostracolor,mostracolor,Sigue_comunidad,0
Blu3latam,Blu3latam,Sin_vinculos,1
mytypeofradio,mytypeofradio,Sin_vinculos,0
KarlaRevilla_4,KarlaRevilla_4,Sin_vinculos,0
d_caldasCaridad,d_caldasCaridad,Sin_vinculos,0
viaenix,viaenix,Sin_vinculos,0
ik2309,ik2309,Sin_vinculos,0
roheri1512,roheri1512,Sin_vinculos,0
karina_ldg,karina_ldg,Sin_vinculos,0
zoelynneh,zoelynneh,Sigue_comunidad,0
mari_cryp,mari_cryp,Sin_vinculos,0
OFuzzer,OFuzzer,Sin_vinculos,0
AmintoreOficial,AmintoreOficial,Sin_vinculos,0
Belenn_Rmz,Belenn_Rmz,Sin_vinculos,0
AngelitaLozano,AngelitaLozano,Sigue_comunidad,0
ana_loyo,ana_loyo,Sin_vinculos,0
bertyCariloha,bertyCariloha,Sigue_comunidad,0
Padmepy,Padmepy,Sin_vinculos,0
rbcordova,rbcordova,Sin_vinculos,0
LaMatemaga,LaMatemaga,Sigue_comunidad,0
rickardomeza,rickardomeza,Sin_vinculos,0
otsenresiul,otsenresiul,Sin_vinculos,0
BMMayorga,BMMayorga,Sin_vinculos,0
itzeldelaluna,itzeldelaluna,Sigue_comunidad,0
EmilioLozanoJ,EmilioLozanoJ,Sigue_comunidad,0
Annacartoonist,Annacartoonist,Sin_vinculos,0
FatPandora,FatPandora,Sin_vinculos,0
zallyhg,zallyhg,Sin_vinculos,0
DarmaLopezEspej,DarmaLopezEspej,Sin_vinculos,0
mosvaladris,mosvaladris,Sin_vinculos,0
chelina20,chelina20,Sigue_comunidad,0
pionerasdev,pionerasdev,Sigue_comunidad,0
DaleCaro,DaleCaro,Sin_vinculos,0
BAY_GARI,BAY_GARI,Sin_vinculos,0
PablaBertol,PablaBertol,Sin_vinculos,0
RodriguezMarlos,RodriguezMarlos,Sin_vinculos,0
dianabrux,dianabrux,Sin_vinculos,1
Albert07208652,Albert07208652,Sin_vinculos,0
EvaPasillas,EvaPasillas,Sin_vinculos,0
CD02_Coah,CD02_Coah,Sin_vinculos,0
Emilio_zeravla,Emilio_zeravla,Sin_vinculos,0
RodriguezlCarla,RodriguezlCarla,Sin_vinculos,0
ReclurhDeRosa,ReclurhDeRosa,Sin_vinculos,0
DZMedina,DZMedina,Sin_vinculos,0
ADjaniTP,ADjaniTP,Sin_vinculos,0
Ricardo57367558,Ricardo57367558,Sin_vinculos,0
galiara01,galiara01,Sin_vinculos,0
estrella_med,estrella_med,Sin_vinculos,0
ferchoec_,ferchoec_,Sin_vinculos,0
JimenaHdez8,JimenaHdez8,Sin_vinculos,0
MarceStarlet,MarceStarlet,Sin_vinculos,0
larecluIT,larecluIT,Sin_vinculos,1
EcraSib,EcraSib,Sin_vinculos,0
MaryposaAlt,MaryposaAlt,Sin_vinculos,0
QuantumDeApolo,QuantumDeApolo,Sin_vinculos,0
Coyote_Cosmica,Coyote_Cosmica,Sigue_comunidad,0
franziaconz,franziaconz,Sin_vinculos,0
RineTange,RineTange,Sin_vinculos,0
WBDSLA,WBDSLA,Sigue_comunidad,0
ramosnadia,ramosnadia,Sigue_comunidad,0
p_zuelen,p_zuelen,Sin_vinculos,0
kariimex,kariimex,Sin_vinculos,0
romperlaregla,romperlaregla,Sigue_comunidad,0
LaVeroDarks,LaVeroDarks,Sin_vinculos,0
CValdiviezoB,CValdiviezoB,Sin_vinculos,0
Miss_Carrrusel,Miss_Carrrusel,Sin_vinculos,0
CodeGirlDev,CodeGirlDev,Sigue_comunidad,0
UnaTalMariaE,UnaTalMariaE,Sigue_comunidad,0
Yuri_Cast,Yuri_Cast,Sin_vinculos,0
vianoisse,vianoisse,Sin_vinculos,0
aLicer0zen,aLicer0zen,Sin_vinculos,0
nancynar122,nancynar122,Sin_vinculos,0
Lilyzval,Lilyzval,Sigue_comunidad,1
gabylalysyang,gabylalysyang,Sin_vinculos,0
RBMonTc,RBMonTc,Sin_vinculos,0
JaraAlexMena13,JaraAlexMena13,Sin_vinculos,0
AtlixcoClaudia,AtlixcoClaudia,Sin_vinculos,0
SalomnLobo1,SalomnLobo1,Sin_vinculos,0
eugeniatweetyou,eugeniatweetyou,Sigue_comunidad,0
Eri_nomas,Eri_nomas,Sin_vinculos,0
annapaolamr,annapaolamr,Sin_vinculos,0
sagmmd,sagmmd,Sigue_comunidad,0
Uriel_Hedz,Uriel_Hedz,Sin_vinculos,0
BichotaMotomami,BichotaMotomami,Sin_vinculos,0
prinlb,prinlb,Sin_vinculos,0
MrMtroSirMichi,MrMtroSirMichi,Sin_vinculos,0
VioletaDmnguz,VioletaDmnguz,Sin_vinculos,0
laloestralop,laloestralop,Sigue_comunidad,0
Glow11,Glow11,Sin_vinculos,0
zuum_zaam,zuum_zaam,Sin_vinculos,0
TerrorRestMX,TerrorRestMX,Sin_vinculos,0
fannypec,fannypec,Sin_vinculos,0
frasalazar,frasalazar,Sin_vinculos,0
ccontrerasg,ccontrerasg,Sin_vinculos,0
sosirdz,sosirdz,Sin_vinculos,0
abinhds,abinhds,Sin_vinculos,0
teferefe21,teferefe21,Sin_vinculos,0
BreenDiamond,BreenDiamond,Sin_vinculos,0
kheronstairsss,kheronstairsss,Sin_vinculos,0
GabrielSanMx,GabrielSanMx,Sin_vinculos,0
LuzPlata,LuzPlata,Sin_vinculos,0
GeekReclu,GeekReclu,Sigue_comunidad,1
carolgrmx,carolgrmx,Sin_vinculos,0
Petrovskhy,Petrovskhy,Sin_vinculos,0
AlesiAkira,AlesiAkira,Sin_vinculos,0
cmdba,cmdba,Sin_vinculos,0
dann_fest,dann_fest,Sin_vinculos,0
April_B07,April_B07,Sin_vinculos,0
dianalaura__,dianalaura__,Sin_vinculos,0
Ari25mx,Ari25mx,Sin_vinculos,0
jessolely,jessolely,Sin_vinculos,0
gabycruz12,gabycruz12,Sin_vinculos,0
ErikaRi17,ErikaRi17,Sin_vinculos,0
michrmpmm,michrmpmm,Sin_vinculos,0
LauArguello,LauArguello,Sin_vinculos,0
brendapuntoexe,brendapuntoexe,Sin_vinculos,0
almadormida11,almadormida11,Sin_vinculos,0
Contabilidarks,Contabilidarks,Sin_vinculos,0
AmigaGomita,AmigaGomita,Sin_vinculos,0
Alixiana,Alixiana,Sin_vinculos,0
Lety_JimenezCC,Lety_JimenezCC,Sin_vinculos,0
RV221_,RV221_,Sin_vinculos,0
PaoCherry94,PaoCherry94,Sin_vinculos,0
ma_luisam,ma_luisam,Sin_vinculos,0
nxniss14,nxniss14,Sin_vinculos,0
soldealba,soldealba,Sin_vinculos,0
anahirdgz,anahirdgz,Sigue_comunidad,0
danielapeanuts,danielapeanuts,Sin_vinculos,0
reclufabs,reclufabs,Sin_vinculos,0
Fer_SanRey,Fer_SanRey,Sin_vinculos,0
angejackeferrer,angejackeferrer,Sin_vinculos,0
la_morenite,la_morenite,Sin_vinculos,0
yomeratescribo,yomeratescribo,Sin_vinculos,0
Misschingadras,Misschingadras,Sin_vinculos,0
LaDolceCerise,LaDolceCerise,Sin_vinculos,0
aalisot,aalisot,Sin_vinculos,0
SergioLoyolaB,SergioLoyolaB,Sin_vinculos,0
Misahh999,Misahh999,Sin_vinculos,0
matzestrada,matzestrada,Sin_vinculos,0
rovaque,rovaque,Sin_vinculos,0
Rosylauris,Rosylauris,Sin_vinculos,0
GirlsinTechES,GirlsinTechES,Sin_vinculos,0
soyunpinkipie,soyunpinkipie,Sin_vinculos,0
amparosofia,amparosofia,Sin_vinculos,0
Ahgasefiore,Ahgasefiore,Sin_vinculos,0
AkashaDeBathory,AkashaDeBathory,Sin_vinculos,0
grillitou,grillitou,Sin_vinculos,0
mariela_pop,mariela_pop,Sin_vinculos,0
CeciOrt60346518,CeciOrt60346518,Sin_vinculos,0
SraPolvoCosmico,SraPolvoCosmico,Sin_vinculos,0
nadymich,nadymich,Sin_vinculos,0
MiguelSieck,MiguelSieck,Sigue_comunidad,0
DrJorgeBlack,DrJorgeBlack,Sin_vinculos,0
mariacsegovia,mariacsegovia,Sigue_comunidad,0
CientificasPUCE,CientificasPUCE,Sigue_comunidad,0
espiritusanto,espiritusanto,Sin_vinculos,0
GeochicasOSM,GeochicasOSM,Sin_vinculos,1
Rivero_MPilar,Rivero_MPilar,Sin_vinculos,0
valentinar_p,valentinar_p,Sigue_comunidad,0
AdriCantarell,AdriCantarell,Sin_vinculos,0
criptopozol,criptopozol,Sin_vinculos,0
GeoBrujas,GeoBrujas,Sin_vinculos,0
Jerome_arq,Jerome_arq,Sin_vinculos,0
mapeoabierto_la,mapeoabierto_la,Sigue_comunidad,0
la_geofeminista,la_geofeminista,Sin_vinculos,0
paula_g,paula_g,Sin_vinculos,1
pedrito1414,pedrito1414,Sigue_comunidad,0
silviarremolina,silviarremolina,Sigue_comunidad,0
OSM_retweet_bot,OSM_retweet_bot,Sin_vinculos,0
Toni_Domenech_G,Toni_Domenech_G,Sin_vinculos,0
kanarinka,kanarinka,Sin_vinculos,0
Lisbettt,Lisbettt,Sin_vinculos,0
invasor_es,invasor_es,Sin_vinculos,0
OSGeo,OSGeo,Sin_vinculos,0
rusty_maps,rusty_maps,Sigue_comunidad,0
OlgaViota,OlgaViota,Sigue_comunidad,0
noticiasdigi,noticiasdigi,Sin_vinculos,1
abc_cordoba,abc_cordoba,Sigue_comunidad,1
UCENopenScience,UCENopenScience,Sin_vinculos,1
AlejoOlaya,AlejoOlaya,Sin_vinculos,1
GobiernoUAI,GobiernoUAI,Sin_vinculos,1
TEC_ar,TEC_ar,Sin_vinculos,1
Museociencia,Museociencia,Sin_vinculos,1
pdasilve,pdasilve,Sin_vinculos,1
elmachete_mx,elmachete_mx,Sin_vinculos,1
COMECSO,COMECSO,Sin_vinculos,1
IPMontevideo,IPMontevideo,Sin_vinculos,1
RevistaCTS,RevistaCTS,Sin_vinculos,1
javimamendez,javimamendez,Sin_vinculos,1
ces_ec,ces_ec,Sin_vinculos,1
Juan_Larrosa1,Juan_Larrosa1,Sin_vinculos,1
conectorial,conectorial,Sigue_comunidad,1
saberucv,saberucv,Sin_vinculos,1
revstul,revstul,Sin_vinculos,1
elapdis,elapdis,Sin_vinculos,1
cytdanmarys,cytdanmarys,Sin_vinculos,1
SomosAGROSAVIA,SomosAGROSAVIA,Sin_vinculos,1
cibertecaria,cibertecaria,Sin_vinculos,1
jhm_ciencia,jhm_ciencia,Sin_vinculos,1
metadocencia,metadocencia,Sigue_comunidad,1
pastorams,pastorams,Sigue_comunidad,1
cienciaabierta,cienciaabierta,Sin_vinculos,1
efpolcuch,efpolcuch,Sin_vinculos,1
dict_uh,dict_uh,Sin_vinculos,1
SI_Sizart,SI_Sizart,Sin_vinculos,1
ReieSmme,ReieSmme,Sin_vinculos,1
ivntres,ivntres,Sigue_comunidad,1
acusdeep,acusdeep,Sin_vinculos,1
smart_mountains,smart_mountains,Sin_vinculos,1
parexploranorte,parexploranorte,Sin_vinculos,1
brigitnr,brigitnr,Sin_vinculos,1
ESCiencia_CSIC,ESCiencia_CSIC,Sin_vinculos,1
sanrroc,sanrroc,Sigue_comunidad,1
BUCantabria,BUCantabria,Sin_vinculos,1
EY_Venezuela,EY_Venezuela,Sin_vinculos,1
leabdiaz,leabdiaz,Sin_vinculos,1
pascal,pascal,Sin_vinculos,1
SurCiencia,SurCiencia,Sin_vinculos,1
davidalqabri,davidalqabri,Sin_vinculos,1
opensciencelabs,opensciencelabs,Sin_vinculos,1
EY_Uruguay,EY_Uruguay,Sin_vinculos,1
TeknikerOficial,TeknikerOficial,Sin_vinculos,1
Ak_Satellite,Ak_Satellite,Sin_vinculos,1
BU_Poitiers,BU_Poitiers,Sin_vinculos,1
mig_artola,mig_artola,Sin_vinculos,1
HipatiaPress,HipatiaPress,Sin_vinculos,1
revista_medicas,revista_medicas,Sin_vinculos,1
BiotecnologiaF,BiotecnologiaF,Sin_vinculos,1
JTorregrosa1992,JTorregrosa1992,Sin_vinculos,1
lluisanglada,lluisanglada,Sin_vinculos,1
ikurotime,ikurotime,Sin_vinculos,1
elo0i,elo0i,Sin_vinculos,1
GonzoRodx,GonzoRodx,Sin_vinculos,1
isopixel,isopixel,Sin_vinculos,1
KCDColombia,KCDColombia,Sin_vinculos,1
carlotagalvan,carlotagalvan,Sin_vinculos,1
napoperez1998,napoperez1998,Sin_vinculos,1
danieloso,danieloso,Sin_vinculos,1
capitan_raul,capitan_raul,Sin_vinculos,1
LignuxSocial,LignuxSocial,Sin_vinculos,1
CarloSeisdedos,CarloSeisdedos,Sin_vinculos,1
Karisma,Karisma,Sin_vinculos,1
SoyDanielGuerra,SoyDanielGuerra,Sin_vinculos,1
RealsimRacer_RR,RealsimRacer_RR,Sin_vinculos,1
patxangas,patxangas,Sin_vinculos,1
pinedax_dev,pinedax_dev,Sin_vinculos,1
bourbonni,bourbonni,Sin_vinculos,1
LluisPalerm,LluisPalerm,Sin_vinculos,1
netlearning20,netlearning20,Sin_vinculos,1
ArtuGrande,ArtuGrande,Sin_vinculos,1
dmowl_,dmowl_,Sin_vinculos,1
NinoScript,NinoScript,Sin_vinculos,1
NachitoEth,NachitoEth,Sin_vinculos,1
Dieguit04,Dieguit04,Sin_vinculos,1
anajsana95,anajsana95,Sin_vinculos,1
CatedraCicas,CatedraCicas,Sin_vinculos,1
msdevlatam,msdevlatam,Sin_vinculos,1
Flisol_Loja,Flisol_Loja,Es_comunidad,1
RulPar,RulPar,Sin_vinculos,1
PCWorldMexico,PCWorldMexico,Sin_vinculos,1
carlestenorio,carlestenorio,Sin_vinculos,1
JavaDominicano,JavaDominicano,Es_comunidad,1
Andromedacomp,Andromedacomp,Sin_vinculos,1
MultiStoreTheme,MultiStoreTheme,Sin_vinculos,1
eudriscabrera,eudriscabrera,Sin_vinculos,1
mitnickhack24,mitnickhack24,Sin_vinculos,1
SuGE3K,SuGE3K,Sin_vinculos,1
SomosNLP_,SomosNLP_,Es_comunidad,1
RHablamos,RHablamos,Es_comunidad,1
SygelTechnology,SygelTechnology,Sin_vinculos,1
jaumepons,jaumepons,Sin_vinculos,1
alquimetricos,alquimetricos,Es_comunidad,1
DotTechES,DotTechES,Es_comunidad,1
Nectux,Nectux,Sin_vinculos,1
SextoAnillo,SextoAnillo,Sin_vinculos,1
ABCDeportes,ABCDeportes,Sin_vinculos,1
RolangaPy,RolangaPy,Sin_vinculos,1
LaNacionPy,LaNacionPy,Sin_vinculos,1
cla_cor,cla_cor,Sin_vinculos,1
intermedio,intermedio,Sin_vinculos,1
zerrweck,zerrweck,Sin_vinculos,1
Angel_Rivera_N,Angel_Rivera_N,Sin_vinculos,1
IsabelPereirana,IsabelPereirana,Sin_vinculos,1
Spiousas,Spiousas,Sigue_comunidad,1
CardioAPFerrol,CardioAPFerrol,Sin_vinculos,1
BibliometraF,BibliometraF,Sin_vinculos,1
kohantoys,kohantoys,Sin_vinculos,1
mrebollo,mrebollo,Sin_vinculos,1
AliciaFrancoXVE,AliciaFrancoXVE,Sin_vinculos,1
ILinguistica,ILinguistica,Sin_vinculos,1
historiador,historiador,Sin_vinculos,1
gtibana,gtibana,Sin_vinculos,1
RMigraciones,RMigraciones,Sin_vinculos,1
urbe_udec,urbe_udec,Sin_vinculos,1
revistafiguras,revistafiguras,Sin_vinculos,1
PetroglifosRev,PetroglifosRev,Sin_vinculos,1
GoetheInstBsAs,GoetheInstBsAs,Sin_vinculos,1
ArtistPosada,ArtistPosada,Sin_vinculos,1
REEDigestivas_,REEDigestivas_,Sin_vinculos,1
KarBanderas,KarBanderas,Sin_vinculos,1
RevistaEndoMex,RevistaEndoMex,Sin_vinculos,1
juansarasua,juansarasua,Sin_vinculos,1
jmlucero,jmlucero,Sin_vinculos,1
ProspectivaCL,ProspectivaCL,Sin_vinculos,1
Tras_los_Muros,Tras_los_Muros,Sin_vinculos,1
Comparlante,Comparlante,Es_comunidad,1
GlobalFundWomen,GlobalFundWomen,Es_comunidad,1
adcderechos,adcderechos,Sigue_comunidad,1
NotiPlay_,NotiPlay_,Sin_vinculos,1
MXvsCORRUPCION,MXvsCORRUPCION,Sin_vinculos,1
RenataGom,RenataGom,Sin_vinculos,1
Edgar___es,Edgar___es,Sin_vinculos,1
jseguradelpozo,jseguradelpozo,Sin_vinculos,1
vikingog,vikingog,Sin_vinculos,1
Cegaip,Cegaip,Sin_vinculos,1
JulietDelrio,JulietDelrio,Sin_vinculos,1
ChCarreraLeal,ChCarreraLeal,Sin_vinculos,1
Accountable2019,Accountable2019,Sin_vinculos,1
AzuaraAraceli,AzuaraAraceli,Sin_vinculos,1
IDAIP_DURANGO,IDAIP_DURANGO,Sin_vinculos,1
VERIVAI,VERIVAI,Sin_vinculos,1
AlvaroGmolinero,AlvaroGmolinero,Sin_vinculos,1
DIGEIGRD,DIGEIGRD,Sigue_comunidad,1
cvctic_es,cvctic_es,Sin_vinculos,1
FridaMendoza_,FridaMendoza_,Sin_vinculos,1
MigueGaspar,MigueGaspar,Sin_vinculos,1
FelipeLeonLopez,FelipeLeonLopez,Sin_vinculos,1
ysuca91siete,ysuca91siete,Sin_vinculos,1
TAgrarios,TAgrarios,Sin_vinculos,1
carlosjestrada,carlosjestrada,Sin_vinculos,1
ProlocalAC,ProlocalAC,Es_comunidad,1
enfasisnoticias,enfasisnoticias,Sin_vinculos,1
licperez01,licperez01,Sin_vinculos,1
JimeneznJuan,JimeneznJuan,Sin_vinculos,1
CarlosReusser,CarlosReusser,Sin_vinculos,1
ffelgueroso,ffelgueroso,Sin_vinculos,1
rigocarvallo,rigocarvallo,Sin_vinculos,1
LuisVitalicio,LuisVitalicio,Sin_vinculos,1
piopas,piopas,Sin_vinculos,1
marcelodrago,marcelodrago,Sin_vinculos,1
EdCarLop,EdCarLop,Sin_vinculos,1
Estado_Abierto,Estado_Abierto,Es_comunidad,1
diasasaigonados,diasasaigonados,Sin_vinculos,1
elheraldoco,elheraldoco,Sin_vinculos,1
MujeresEnII,MujeresEnII,Es_comunidad,1
fernandoga60,fernandoga60,Sin_vinculos,1
gloriagarzaiba,gloriagarzaiba,Sin_vinculos,1
verajuarezf,verajuarezf,Sin_vinculos,1
lordmolecula,lordmolecula,Sin_vinculos,1
adatasur,adatasur,Sin_vinculos,1
JoseMan99592313,JoseMan99592313,Sin_vinculos,1
Consult28548435,Consult28548435,Sin_vinculos,1
INFONLMX,INFONLMX,Sin_vinculos,1
r101ck,r101ck,Sin_vinculos,1
desdewingu,desdewingu,Sigue_comunidad,1
FCird,FCird,Sin_vinculos,1
ElenaBuylla,ElenaBuylla,Sin_vinculos,1
HazRuidoYuc,HazRuidoYuc,Sin_vinculos,1
RevistaCDyT,RevistaCDyT,Sigue_comunidad,1
UAM_FM,UAM_FM,Sin_vinculos,1
hipermedula,hipermedula,Sigue_comunidad,1
FranciscoIgea,FranciscoIgea,Sin_vinculos,1
bitcoinofficesv,bitcoinofficesv,Sin_vinculos,1
Jedi_Sanfermin,Jedi_Sanfermin,Sin_vinculos,1
EduardoLS_TX,EduardoLS_TX,Sin_vinculos,1
elblogdezabbix,elblogdezabbix,Sin_vinculos,1
ubuntuco,ubuntuco,Es_comunidad,1
DesdeLinux,DesdeLinux,Sin_vinculos,1
jalonsoarevalo,jalonsoarevalo,Sin_vinculos,1
pabloskirivas,pabloskirivas,Sin_vinculos,1
OBUATx,OBUATx,Sin_vinculos,1
proyectosbeta,proyectosbeta,Sin_vinculos,1
CuCoders_,CuCoders_,Es_comunidad,1
Rabanales21,Rabanales21,Es_comunidad,1
securetia,securetia,Sin_vinculos,1
CaveCoder,CaveCoder,Sin_vinculos,1
eltruenopy,eltruenopy,Sin_vinculos,1
benja7zxa,benja7zxa,Sin_vinculos,1
Rocktails,Rocktails,Sin_vinculos,1
Davidg536598932,Davidg536598932,Sin_vinculos,1
CepLinares,CepLinares,Sin_vinculos,1
RafaSanchezLz,RafaSanchezLz,Sin_vinculos,1
FestejosYecla,FestejosYecla,Sin_vinculos,1
rafaelgrobinson,rafaelgrobinson,Sin_vinculos,1
jacobonajera,jacobonajera,Sin_vinculos,1
KAstudilloB,KAstudilloB,Sin_vinculos,1
fedesarquis,fedesarquis,Sin_vinculos,1
Dggonzalez2015,Dggonzalez2015,Sin_vinculos,1
usitility_es,usitility_es,Sin_vinculos,1
aiglesiasfraga,aiglesiasfraga,Sin_vinculos,1
MalenaGarciaT,MalenaGarciaT,Sin_vinculos,1
CascadasUn,CascadasUn,Sin_vinculos,1
OpenSourceRD,OpenSourceRD,Sin_vinculos,1
eco_onis,eco_onis,Sin_vinculos,1
twitaamr,twitaamr,Sin_vinculos,1
TicEducativas,TicEducativas,Sin_vinculos,1
campusbigdata,campusbigdata,Sigue_comunidad,1
_MarOch,_MarOch,Sin_vinculos,1
PNUDPARAGUAY,PNUDPARAGUAY,Sin_vinculos,1
JulioCBonillaG,JulioCBonillaG,Sin_vinculos,1
veracoecheax,veracoecheax,Sin_vinculos,1
configuroweb,configuroweb,Sin_vinculos,1
redhatla,redhatla,Sin_vinculos,1
Reclunautas1,Reclunautas1,Sin_vinculos,1
renzotaddei,renzotaddei,Sin_vinculos,1
HopeandTech,HopeandTech,Sin_vinculos,1
america_soc,america_soc,Sin_vinculos,1
xuxoramos,xuxoramos,Sigue_comunidad,1
MagdaDavilaM,MagdaDavilaM,Sin_vinculos,1
natayadev,natayadev,Sigue_comunidad,1
MonHigo,MonHigo,Sin_vinculos,1
sg4women,sg4women,Es_comunidad,1
carolinadecala,carolinadecala,Sin_vinculos,1
iguanagalactica,iguanagalactica,Sigue_comunidad,1
brennuet,brennuet,Sin_vinculos,1
fiavera_,fiavera_,Sin_vinculos,1
monicaps_98,monicaps_98,Sigue_comunidad,1
viri_glezmo,viri_glezmo,Sigue_comunidad,1
lourdesadriana,lourdesadriana,Sigue_comunidad,1
nellalela,nellalela,Sigue_comunidad,1
sharygglez,sharygglez,Sin_vinculos,1
dpl_news,dpl_news,Sin_vinculos,1
PitPolicy,PitPolicy,Sigue_comunidad,1
la_de_rh,la_de_rh,Sin_vinculos,1
ople_Ver,ople_Ver,Sin_vinculos,1
lunarojamex,lunarojamex,Sin_vinculos,1
LauraMiaDaphne,LauraMiaDaphne,Sin_vinculos,1
MabelHdezM,MabelHdezM,Sin_vinculos,1
AnaGaValdiviezo,AnaGaValdiviezo,Sigue_comunidad,1
ARGOSZARAGOZA,ARGOSZARAGOZA,Sin_vinculos,1
pciudadano,pciudadano,Sigue_comunidad,1
